"시점",국내총생산(명목 원화표시) (십억원),국내총생산(명목 달러표시) (억달러),국민총소득(명목 원화표시) (십억원),국민총소득(명목 달러표시) (억달러),요소비용국민소득(명목) (십억원),국민처분가능소득(명목) (십억원),국민총처분가능소득(명목) (십억원),가계총처분가능소득(명목) (십억원),1인당 국내총생산(명목 원화표시) (만원),1인당 국내총생산(명목 달러표시) (달러),1인당 국민총소득(명목 원화표시) (만원),1인당 국민총소득(명목 달러표시) (달러),1인당 가계총처분가능소득(명목 원화표시) (만원),1인당 가계총처분가능소득(명목 달러표시) (달러),국내총생산(실질성장률) (%),농림어업 (%),광공업 (%),(제조업) (%),전기 가스 및 수도사업 (%),건설업 (%),서비스업 (%),순생산물세 (%),국내총소득 (%),국민총소득 (%),최종소비지출(실질증감률) (%),민간 (%),정부 (%),총고정자본형성 (%),총고정자본형성(민간) (%),총고정자본형성(정부) (%),건설투자 (%),(건물건설) (%),(토목건설) (%),설비투자 (%),(기계류) (%),(운송장비) (%),지식재산생산물투자 (%),재화와 서비스의 수출 (%),(재화) (%),재화와 서비스의 수입 (%),(재화) (%),농림어업(생산구조-명목) (%),광공업 (%),(제조업) (%),전기 가스 및 수도사업 (%),건설업 (%),서비스업 (%),최종소비지출(지출구조-명목) (%),민간 (%),정부 (%),총고정자본형성 (%),재화와 서비스의 수출 (%),(공제)재화와 서비스의 수입 (%),피용자보수 (%),기업 및 재산소득 (%),고정자본소모 (%),생산 및 수입세 (공제)보조금 (%),가계 (%),기업 (%),정부 (%),피용자보수 (%),기업 및 재산소득 (%),고정자본소모 (%),생산 및 수입세 (공제)보조금 (%),국외순수취경상이전 (%),가계 (%),기업 (%),정부 (%),가계 (%),기업 (%),정부 (%),피용자보수비율 (%),실질 가계총처분가능소득 (십억원),총저축률 (%),민간 (%),(가계 및 비영리단체) (%),(기업) (%),정부 (%),국내총투자율 (%),(국내총고정투자율) (%),(가계순저축률) (%),수출입의 대 GNI 비율(명목) (%),총수출 (%),(재화) (%),(서비스) (%),총수입 (%),(재화) (%),(서비스) (%),GDP 디플레이터 (2020=100),(등락률) (%)
"1953",47.7,13.5,48.3,13.6,42.6,46.7,50.6,0.0,0.2,65.7,0.2,66.5,0.0,0.0,0.0,0.0,0.0,0.0,0.0,0.0,0.0,0.0,0.0,0.0,0.0,0.0,0.0,0.0,0.0,0.0,0.0,0.0,0.0,0.0,0.0,0.0,0.0,0.0,0.0,0.0,0.0,48.6,9.0,7.9,0.4,2.2,39.8,94.5,86.5,8.0,7.3,1.7,9.7,24.1,64.2,8.1,3.6,0.0,0.0,0.0,23.0,61.2,7.7,3.5,4.6,0.0,0.0,0.0,0.0,0.0,0.0,27.3,0.0,10.9,0.0,0.0,0.0,0.0,14.7,6.9,4.6,12.5,2.9,1.5,0.3,9.6,9.5,0.2,0.222,0.0
"1954",66.4,14.6,67.0,14.7,58.7,64.4,69.5,0.0,0.3,69.0,0.3,69.7,0.0,0.0,7.5,9.0,10.7,13.5,26.9,21.6,4.3,5.6,7.1,6.9,6.6,7.3,-0.4,27.6,0.0,0.0,22.4,0.0,0.0,42.5,0.0,0.0,43.7,-38.4,-36.8,-28.7,-29.5,41.4,11.5,10.4,0.4,2.7,44.1,98.5,88.2,10.3,9.3,1.0,7.2,28.6,59.0,7.5,4.9,0.0,0.0,0.0,27.6,57.0,7.3,4.7,3.5,0.0,0.0,0.0,0.0,0.0,0.0,32.6,0.0,5.9,0.0,0.0,0.0,0.0,11.0,8.8,0.2,9.1,2.0,0.9,0.1,7.1,7.0,0.1,0.287,29.3
"1955",114.5,13.9,115.9,14.1,101.6,111.0,120.6,0.0,0.5,64.2,0.5,65.0,0.0,0.0,5.6,1.9,16.3,16.9,-0.4,-0.2,6.0,12.0,7.3,7.2,9.1,9.7,3.8,18.4,0.0,0.0,12.7,0.0,0.0,36.1,0.0,0.0,15.2,-7.2,-29.6,34.3,34.6,46.0,11.4,10.3,0.4,3.1,39.0,96.5,87.7,8.8,10.4,1.3,9.9,27.8,59.9,8.3,4.1,0.0,0.0,0.0,26.7,57.5,7.9,3.9,3.9,0.0,0.0,0.0,0.0,0.0,0.0,31.7,0.0,8.4,0.0,0.0,0.0,0.0,11.7,9.9,3.3,12.3,2.5,0.7,0.6,9.7,9.6,0.1,0.469,63.4
"1956",151.9,14.5,153.4,14.7,135.5,155.7,167.6,0.0,0.7,65.1,0.7,65.7,0.0,0.0,0.7,-5.8,14.8,16.1,15.1,-7.1,4.0,6.5,-0.8,-0.8,7.5,7.7,6.0,7.3,0.0,0.0,-6.7,0.0,0.0,44.4,0.0,0.0,5.4,1.2,43.2,16.5,16.1,48.7,11.6,10.4,0.2,2.9,36.7,103.0,93.8,9.2,10.4,1.2,13.0,26.4,62.0,7.8,3.9,0.0,0.0,0.0,24.1,56.7,7.1,3.5,8.5,0.0,0.0,0.0,0.0,0.0,0.0,29.9,0.0,6.7,0.0,0.0,0.0,0.0,8.3,9.4,-3.1,15.1,2.2,0.9,0.3,12.9,12.5,0.4,0.618,31.8
"1957",198.9,16.8,200.5,17.0,176.1,201.5,216.3,0.0,0.9,73.2,0.9,73.8,0.0,0.0,9.4,9.9,10.5,8.2,15.8,25.0,7.1,9.0,10.4,10.4,4.4,4.7,1.6,20.6,0.0,0.0,25.2,0.0,0.0,12.5,0.0,0.0,18.2,23.2,-22.8,22.6,2.7,46.9,11.3,9.7,0.5,3.5,37.8,95.6,84.8,10.8,10.8,1.2,11.5,27.5,60.4,7.4,4.8,0.0,0.0,0.0,25.5,55.9,6.9,4.4,7.3,0.0,0.0,0.0,0.0,0.0,0.0,31.3,0.0,12.1,0.0,0.0,0.0,0.0,14.3,9.9,4.9,13.4,2.0,0.6,0.6,11.4,9.9,1.5,0.740,19.7
"1958",208.2,19.1,209.8,19.2,181.8,209.9,225.4,0.0,0.9,80.7,0.9,81.3,0.0,0.0,6.7,8.3,9.7,10.8,25.3,2.4,3.8,7.3,6.8,6.8,8.3,8.9,3.6,-2.8,0.0,0.0,0.6,0.0,0.0,-12.4,0.0,0.0,27.9,18.5,-11.2,-13.7,-12.0,42.7,12.7,11.0,0.8,3.3,40.4,97.6,84.9,12.6,10.3,1.5,10.3,30.5,56.1,7.4,6.0,0.0,0.0,0.0,28.4,52.3,6.9,5.6,6.9,0.0,0.0,0.0,0.0,0.0,0.0,35.2,0.0,9.9,0.0,0.0,0.0,0.0,11.5,9.5,1.5,12.5,2.3,0.5,1.0,10.2,9.0,1.2,0.726,-1.9
"1959",221.5,19.9,223.3,20.0,189.3,219.7,237.5,0.0,0.9,81.7,0.9,82.3,0.0,0.0,5.7,0.3,11.1,10.2,18.7,21.3,7.5,9.4,5.3,5.3,6.1,6.9,0.8,9.1,0.0,0.0,18.0,0.0,0.0,-14.4,0.0,0.0,36.1,15.8,14.5,-18.8,-20.4,36.0,14.1,12.1,0.6,3.5,45.8,98.0,84.0,13.9,11.4,1.9,9.8,34.0,50.8,7.9,7.3,0.0,0.0,0.0,32.0,47.8,7.5,6.8,6.0,0.0,0.0,0.0,0.0,0.0,0.0,40.1,0.0,8.6,0.0,0.0,0.0,0.0,10.1,10.6,-0.8,12.4,2.7,0.7,1.2,9.7,8.5,1.2,0.731,0.7
"1960",250.8,19.9,253.0,20.1,215.1,252.0,271.2,0.0,1.0,79.7,1.0,80.5,0.0,0.0,2.4,-1.4,9.9,7.4,-1.8,-1.9,3.0,5.1,2.3,2.3,1.6,1.4,3.1,6.8,0.0,0.0,1.8,0.0,0.0,22.3,0.0,0.0,-5.1,26.2,66.6,14.0,12.2,39.2,14.7,12.3,0.6,3.3,42.3,99.1,84.9,14.2,11.2,2.6,11.9,32.7,52.3,7.6,7.4,0.0,0.0,0.0,30.5,48.8,7.1,6.9,6.7,0.0,0.0,0.0,0.0,0.0,0.0,38.4,0.0,8.4,0.0,0.0,0.0,0.0,9.8,10.4,-3.1,15.3,3.5,1.4,1.2,11.8,10.3,1.5,0.808,10.5
"1961",302.9,21.7,306.7,21.9,263.4,305.0,329.3,0.0,1.2,84.0,1.2,85.1,0.0,0.0,6.9,14.9,5.6,5.5,7.0,9.6,1.0,0.1,6.0,5.8,2.2,2.5,0.6,6.7,0.0,0.0,9.7,0.0,0.0,-1.4,0.0,0.0,11.5,35.3,23.1,-8.6,-7.3,41.0,14.8,12.7,1.0,3.2,40.1,96.9,83.7,13.2,11.7,4.0,13.9,30.5,55.3,7.9,6.2,0.0,0.0,0.0,28.4,51.5,7.4,5.8,6.9,0.0,0.0,0.0,0.0,0.0,0.0,35.6,0.0,10.9,0.0,0.0,0.0,0.0,11.8,10.8,-1.3,19.0,5.2,1.7,2.2,13.7,11.7,2.0,0.913,13.0
"1962",367.5,23.9,371.7,24.2,316.2,367.5,395.3,0.0,1.4,90.3,1.4,91.3,0.0,0.0,3.9,-6.3,16.3,15.2,25.9,14.5,7.6,9.2,4.0,4.1,9.1,9.9,4.0,29.6,0.0,0.0,26.3,0.0,0.0,37.6,0.0,0.0,18.3,15.8,33.9,35.9,39.7,39.3,14.9,12.6,1.1,3.2,41.6,96.5,83.0,13.5,13.8,3.9,15.5,31.5,53.6,7.5,7.5,0.0,0.0,0.0,29.6,50.4,7.0,7.0,6.0,0.0,0.0,0.0,0.0,0.0,0.0,37.0,0.0,10.3,0.0,0.0,0.0,0.0,13.3,12.8,-2.0,20.3,4.9,1.9,1.9,15.4,13.5,1.9,1.066,16.8
"1963",521.0,28.2,525.7,28.4,462.4,517.9,550.5,0.0,1.9,103.3,1.9,104.2,0.0,0.0,9.0,9.6,14.6,16.1,12.6,17.3,5.6,9.8,11.3,11.3,4.5,4.3,5.6,25.4,0.0,0.0,22.3,0.0,0.0,33.9,0.0,0.0,3.0,14.3,48.6,24.8,31.1,45.4,15.5,13.6,0.8,2.8,35.5,90.9,80.4,10.5,13.5,3.9,14.6,27.4,60.5,6.2,5.8,0.0,0.0,0.0,26.2,57.8,5.9,5.6,4.5,0.0,0.0,0.0,0.0,0.0,0.0,31.2,0.0,14.0,0.0,0.0,0.0,0.0,18.0,12.8,4.6,19.3,4.8,2.7,1.2,14.5,12.9,1.6,1.386,30.0
"1964",743.5,29.9,751.4,30.2,672.1,736.0,781.7,0.0,2.7,106.7,2.7,107.8,0.0,0.0,9.4,16.0,10.2,9.8,22.9,5.6,1.3,5.8,7.9,7.9,7.6,8.6,0.0,-6.2,0.0,0.0,4.3,0.0,0.0,-26.2,0.0,0.0,0.7,29.1,36.9,-24.9,-26.2,48.3,16.7,14.9,0.8,2.6,31.5,90.8,82.6,8.2,11.5,4.9,12.3,25.6,63.9,6.1,4.5,0.0,0.0,0.0,24.6,61.4,5.8,4.3,3.9,0.0,0.0,0.0,0.0,0.0,0.0,28.6,0.0,13.7,0.0,0.0,0.0,0.0,14.9,11.0,5.1,18.2,6.0,3.6,1.3,12.2,10.7,1.5,1.808,30.4
"1965",836.8,31.2,848.5,31.7,745.9,828.4,883.4,0.0,2.9,108.8,3.0,110.3,0.0,0.0,7.3,1.2,20.8,22.4,22.2,24.3,6.9,13.9,7.8,7.9,7.0,7.0,6.5,28.9,0.0,0.0,30.2,0.0,0.0,26.1,0.0,0.0,26.2,36.7,38.8,13.6,13.8,39.4,20.2,18.0,1.1,3.2,36.1,92.2,83.3,8.9,15.1,7.1,14.2,28.6,59.3,6.5,5.6,0.0,0.0,0.0,27.5,56.9,6.2,5.4,3.9,0.0,0.0,0.0,0.0,0.0,0.0,32.6,0.0,12.7,0.0,0.0,0.0,0.0,14.1,14.3,0.7,22.5,8.4,5.2,1.8,14.1,12.3,1.7,1.896,4.9
"1966",1073.7,38.0,1096.6,38.8,957.6,1065.9,1132.0,0.0,3.7,129.1,3.7,131.9,0.0,0.0,12.0,8.9,16.9,18.4,24.2,21.4,11.2,14.0,11.6,12.9,7.1,6.6,11.5,57.7,0.0,0.0,26.3,0.0,0.0,136.7,0.0,0.0,22.7,42.6,31.9,49.6,54.3,36.5,19.8,17.8,1.2,3.4,39.0,88.0,78.4,9.6,20.2,8.4,18.1,29.9,57.4,6.0,6.7,0.0,0.0,0.0,28.9,55.6,5.8,6.4,3.1,0.0,0.0,0.0,0.0,0.0,0.0,34.2,0.0,16.5,0.0,0.0,0.0,0.0,20.7,19.2,5.9,28.3,10.4,5.7,2.5,17.9,15.9,1.8,2.172,14.6
"1967",1324.2,44.2,1364.4,45.5,1181.3,1316.2,1398.0,0.0,4.4,146.6,4.5,151.1,0.0,0.0,9.2,-5.1,22.1,23.5,28.3,18.9,13.0,16.8,9.2,10.5,9.0,8.9,9.3,26.2,0.0,0.0,21.9,0.0,0.0,32.0,0.0,0.0,31.9,30.2,25.4,30.4,28.6,32.3,20.2,18.1,1.2,3.6,42.7,88.7,78.9,9.8,21.9,9.0,19.5,33.2,53.4,6.0,7.4,0.0,0.0,0.0,32.4,52.1,5.8,7.2,2.4,0.0,0.0,0.0,0.0,0.0,0.0,38.3,0.0,15.9,0.0,0.0,0.0,0.0,21.1,20.8,3.1,31.2,12.0,6.0,2.8,19.2,16.9,2.0,2.454,13.0
"1968",1706.1,53.9,1752.9,55.4,1492.9,1677.7,1784.4,0.0,5.5,174.9,5.7,179.7,0.0,0.0,13.2,0.1,20.0,22.6,25.7,38.5,16.1,20.7,13.2,13.2,10.6,10.6,10.6,40.0,0.0,0.0,43.8,0.0,0.0,36.4,0.0,0.0,14.1,37.9,37.5,41.8,41.2,30.5,20.4,18.7,1.2,4.5,43.3,85.4,75.3,10.1,25.8,10.1,22.5,33.3,51.9,6.1,8.7,0.0,0.0,0.0,32.7,51.0,6.0,8.6,1.8,0.0,0.0,0.0,0.0,0.0,0.0,39.1,0.0,18.4,0.0,0.0,0.0,0.0,26.0,24.7,4.7,35.0,12.8,6.8,3.0,22.2,19.5,2.4,2.792,13.8
"1969",2231.5,68.6,2288.6,70.4,1946.4,2183.3,2321.3,0.0,7.1,217.4,7.3,223.0,0.0,0.0,14.6,9.0,15.9,17.5,33.3,38.2,14.4,16.9,14.0,14.1,10.8,10.8,10.6,25.8,0.0,0.0,30.2,0.0,0.0,19.2,0.0,0.0,16.9,36.5,40.3,26.1,26.5,29.7,20.2,18.6,1.3,5.3,43.5,81.9,72.0,9.8,26.4,10.5,22.3,33.4,51.7,6.0,8.9,0.0,0.0,0.0,32.9,51.0,5.9,8.8,1.4,0.0,0.0,0.0,0.0,0.0,0.0,39.2,0.0,21.3,0.0,0.0,0.0,0.0,28.8,25.4,7.7,35.5,13.3,7.2,3.1,22.2,19.3,2.4,3.187,14.1
"1970",2821.4,82.4,2872.2,83.8,2454.4,2719.2,2896.2,0.0,8.8,255.4,8.9,260.0,0.0,0.0,10.2,-0.7,16.1,15.8,17.8,4.2,14.0,16.5,9.2,8.2,10.3,10.7,7.2,8.6,0.0,0.0,10.5,0.0,0.0,5.5,0.0,0.0,6.6,30.1,42.2,9.0,8.3,28.8,20.5,18.9,1.4,5.0,44.3,83.4,73.6,9.8,25.6,11.3,20.9,34.0,51.5,6.2,8.4,0.0,0.0,0.0,33.7,51.0,6.1,8.3,0.8,0.0,0.0,0.0,0.0,0.0,0.0,39.8,0.0,18.8,12.2,0.0,0.0,6.6,25.7,25.0,3.1,35.0,13.7,8.5,2.7,21.4,18.2,2.4,3.658,14.8
"1971",3473.3,96.4,3499.6,97.1,2981.7,3293.8,3523.2,0.0,10.6,293.2,10.6,295.4,0.0,0.0,10.7,5.5,16.0,17.3,23.1,-2.1,12.2,12.1,10.2,9.1,9.6,9.7,8.6,6.3,5.6,8.7,-1.5,-5.7,5.8,24.2,23.1,25.7,6.5,24.2,30.2,20.0,20.9,29.3,19.5,18.1,1.4,4.3,45.5,85.3,75.2,10.1,23.1,12.5,22.8,34.3,50.9,6.6,8.2,0.0,0.0,0.0,34.1,50.5,6.5,8.2,0.7,0.0,0.0,0.0,0.0,0.0,0.0,40.3,0.0,15.9,10.0,0.0,0.0,5.9,24.8,22.8,3.5,38.2,14.4,9.9,2.5,23.8,20.2,2.5,4.070,11.3
"1972",4318.1,109.9,4327.4,110.1,3712.2,4059.8,4353.1,0.0,12.9,328.0,12.9,328.7,0.0,0.0,7.3,3.0,14.0,15.1,11.6,-2.0,8.3,5.6,7.1,6.5,6.1,5.8,8.1,2.6,4.6,-3.5,-1.9,-7.6,6.7,10.4,5.6,16.9,5.1,42.9,49.5,0.3,-0.3,28.2,21.2,20.0,1.5,3.9,45.3,82.9,72.5,10.3,21.2,16.3,21.2,33.9,51.9,6.8,7.4,0.0,0.0,0.0,33.7,51.6,6.7,7.4,0.6,0.0,0.0,0.0,0.0,0.0,0.0,39.5,0.0,17.8,14.6,0.0,0.0,3.2,21.7,21.1,5.7,40.6,18.0,13.6,2.7,22.6,18.8,2.4,4.714,15.8
"1973",5603.4,140.7,5608.8,140.8,4771.3,5224.2,5637.9,0.0,16.4,412.5,16.4,412.9,0.0,0.0,15.0,6.6,29.7,30.5,18.2,23.2,11.4,21.4,14.6,14.5,8.4,9.3,2.2,26.2,34.5,-2.5,28.6,44.3,7.9,22.5,29.8,13.4,28.2,50.9,49.5,33.8,33.0,26.2,24.0,23.0,1.3,4.1,44.4,77.2,68.4,8.8,24.0,23.5,27.3,33.8,51.3,7.4,7.6,0.0,0.0,0.0,33.6,51.0,7.3,7.5,0.5,0.0,0.0,0.0,0.0,0.0,0.0,39.7,0.0,23.3,19.8,0.0,0.0,3.5,26.3,23.9,11.4,54.0,25.1,19.8,3.7,28.8,24.3,3.0,5.320,12.9
"1974",8033.2,198.6,8061.6,199.3,6774.7,7501.4,8090.9,0.0,23.2,572.4,23.2,574.5,0.0,0.0,9.6,6.3,16.0,16.5,13.6,11.3,7.3,13.3,6.3,6.6,7.7,7.8,7.2,14.5,16.3,5.6,13.5,23.4,-4.0,15.5,-4.4,44.5,21.3,3.9,10.3,19.5,18.7,25.9,23.7,22.5,0.8,4.1,45.5,77.9,68.5,9.5,26.8,21.8,32.8,31.8,52.3,7.3,8.7,0.0,0.0,0.0,31.7,52.1,7.3,8.6,0.4,0.0,0.0,0.0,0.0,0.0,0.0,37.8,0.0,22.6,19.6,0.0,0.0,3.0,32.7,26.7,9.4,58.0,23.7,19.0,2.6,34.3,29.5,3.2,6.956,30.8
"1975",10709.0,221.3,10623.7,219.5,8772.6,9849.6,10657.1,8236.4,30.4,627.1,30.1,622.1,23.3,482.3,7.9,5.3,12.7,12.8,12.8,5.9,7.8,4.1,5.8,4.6,6.0,5.9,6.8,10.4,6.0,34.7,7.9,1.8,21.5,12.9,20.0,6.0,27.7,21.8,23.5,4.2,0.3,26.5,23.4,22.0,1.2,4.4,44.5,79.8,68.9,10.9,26.9,22.2,30.9,32.5,50.0,7.6,9.8,78.8,10.1,11.1,32.4,49.9,7.6,9.8,0.3,77.3,8.5,14.2,80.6,8.5,10.9,39.4,112369.7,19.8,16.6,8.1,8.5,3.2,29.0,27.0,7.3,56.9,23.7,19.8,2.6,33.2,27.8,3.3,8.591,23.5
"1976",14699.6,303.7,14635.5,302.4,11950.0,13602.6,14715.6,11234.8,41.0,847.2,40.8,843.5,31.3,647.5,13.3,9.0,19.9,21.1,22.1,9.4,9.8,25.2,16.8,17.2,7.5,8.6,0.5,27.8,28.5,24.5,13.5,12.0,16.3,45.9,61.2,28.6,29.7,39.1,38.9,24.6,24.9,25.2,24.8,23.6,1.3,4.2,44.5,74.9,64.3,10.6,26.1,25.0,27.9,33.3,48.3,7.6,10.7,78.4,9.7,11.9,33.2,48.1,7.6,10.7,0.5,76.3,7.8,15.9,79.9,7.8,12.3,40.8,129941.4,25.2,19.9,12.2,7.8,5.3,27.9,26.1,12.6,56.2,26.4,22.4,2.7,29.8,25.2,2.8,10.412,21.2
"1977",18907.2,390.6,18854.0,389.5,15308.2,17485.1,18964.6,14298.5,51.9,1072.9,51.8,1069.8,39.3,811.3,12.4,3.0,16.3,16.5,7.9,28.3,10.6,26.6,13.6,13.9,5.8,5.7,6.9,32.7,34.4,25.7,27.1,21.5,36.8,38.4,58.5,10.1,42.7,21.8,20.4,22.1,21.6,23.9,24.7,23.3,1.5,5.1,44.8,71.5,61.0,10.5,29.0,25.5,27.4,34.9,46.3,7.8,11.0,76.8,11.1,12.1,34.7,46.0,7.8,10.9,0.6,75.4,9.0,15.6,79.0,9.0,12.0,43.0,143135.0,28.7,23.6,14.6,9.0,5.1,30.2,28.9,15.8,56.8,27.3,22.5,3.1,29.5,24.7,2.8,11.917,14.5
"1978",25567.2,548.4,25640.2,549.9,20828.8,23887.2,25816.3,19406.6,69.2,1483.3,69.4,1487.6,52.5,1125.9,11.1,-9.9,24.3,25.4,33.8,28.1,10.4,18.3,11.9,12.5,8.1,8.5,5.5,35.5,36.3,31.7,26.1,37.3,9.2,46.1,55.5,25.8,26.1,16.9,17.2,30.7,30.8,21.9,24.8,23.5,1.5,7.1,44.7,69.4,59.7,9.7,33.3,24.5,28.8,36.6,44.6,7.5,11.2,76.4,11.3,12.3,36.4,44.3,7.5,11.2,0.7,75.2,9.1,15.7,78.5,9.1,12.4,45.1,159371.4,31.3,25.2,16.1,9.1,6.1,34.5,32.9,18.1,57.4,26.7,21.6,2.8,30.7,25.7,3.0,14.509,21.8
"1979",32952.6,657.7,32896.1,656.6,26486.7,30387.3,33061.8,24544.0,87.8,1752.4,87.6,1749.4,65.4,1305.2,8.7,11.4,9.7,10.5,7.1,4.7,8.0,6.9,8.2,7.8,8.5,8.9,5.8,9.7,10.8,5.0,4.9,-0.7,15.3,13.8,19.5,-0.8,23.7,2.8,1.4,13.3,12.9,20.4,25.2,24.1,1.9,7.8,44.8,69.6,59.9,9.6,34.2,23.1,30.4,38.3,42.2,8.1,11.4,75.5,11.9,12.6,38.1,42.0,8.1,11.3,0.5,74.2,9.3,16.5,77.6,9.3,13.1,47.6,169500.6,30.7,23.8,14.5,9.3,6.9,37.5,34.1,16.0,58.1,25.3,20.1,3.0,32.8,27.2,3.2,17.197,18.5
"1980",40423.4,665.0,40061.8,659.0,31588.0,36489.9,40318.4,28829.9,106.0,1744.3,105.1,1728.7,75.6,1244.0,-1.5,-16.2,-1.3,-1.2,7.0,-2.8,5.8,-5.2,-4.7,-5.4,1.6,0.0,11.9,-11.1,-14.4,3.5,-4.4,-8.4,2.1,-19.0,-24.7,-2.0,11.6,8.4,10.1,-3.2,-5.6,15.7,25.8,24.5,2.2,7.4,48.9,74.2,62.6,11.6,32.6,27.7,36.5,39.7,39.2,9.6,11.6,73.0,13.8,13.2,39.4,38.9,9.5,11.5,0.6,71.5,11.3,17.2,75.4,11.3,13.3,50.3,155417.8,25.6,20.1,8.8,11.3,5.5,34.6,32.7,8.2,72.3,31.3,24.3,3.7,41.0,32.4,4.5,21.423,24.6
"1981",50591.8,742.6,49915.0,732.7,39303.0,45405.7,50279.1,36222.5,130.6,1917.7,128.9,1892.1,93.5,1373.1,7.4,15.7,9.0,9.5,15.7,-7.3,6.3,5.1,6.3,5.8,5.6,5.5,6.7,-2.1,-5.5,10.5,-5.2,-14.7,7.9,1.0,-1.4,6.7,10.0,13.7,13.1,4.7,2.1,16.5,25.7,24.3,2.4,6.4,49.0,74.3,62.6,11.7,28.8,29.2,36.6,39.5,39.3,9.8,11.5,73.8,13.0,13.2,39.2,39.0,9.7,11.4,0.7,72.0,10.6,17.4,76.1,10.6,13.3,50.1,164549.4,25.2,19.6,9.1,10.6,5.6,33.2,29.0,8.5,75.6,33.4,25.6,4.0,42.2,32.5,4.5,24.963,16.5
"1982",58429.2,798.8,57899.6,791.5,45205.6,52249.7,58308.6,41330.1,148.6,2031.2,147.2,2012.7,105.1,1436.7,8.5,7.8,4.4,5.4,6.2,15.5,9.7,9.8,9.4,9.9,6.7,7.6,2.1,11.7,17.5,-6.7,18.1,18.3,17.9,2.9,5.5,-2.2,34.5,2.2,-1.3,1.6,1.9,15.3,25.6,24.4,2.5,6.8,49.7,72.7,61.3,11.5,29.4,26.7,32.3,39.8,38.3,10.5,11.5,73.0,13.9,13.1,39.5,38.0,10.4,11.4,0.7,70.9,11.4,17.7,75.3,11.4,13.3,50.9,178556.7,27.1,20.9,9.5,11.4,6.2,32.9,29.5,9.0,68.5,31.0,22.5,4.4,37.5,28.6,3.9,26.580,6.5
"1983",69523.5,895.7,68813.5,886.6,53186.1,61996.9,69293.2,47620.3,174.2,2244.4,172.4,2221.5,119.3,1537.3,13.5,9.3,16.7,17.2,29.9,21.6,10.0,18.5,14.2,14.1,8.4,9.3,3.6,16.1,16.7,14.1,22.2,30.4,13.2,9.1,9.7,7.9,10.7,16.6,15.4,6.8,6.5,13.9,27.0,25.8,2.8,7.0,49.4,69.0,58.1,10.8,30.0,27.2,29.4,40.6,36.7,10.6,12.1,70.5,15.8,13.7,40.3,36.5,10.5,12.0,0.7,68.7,13.0,18.2,73.2,13.0,13.8,52.5,199184.9,30.8,23.4,10.4,13.0,7.4,33.4,30.1,10.5,64.3,30.5,22.9,4.5,33.8,26.1,3.6,27.873,4.9
"1984",80395.8,997.4,79284.1,983.6,62152.2,71608.3,79771.4,54938.3,199.0,2468.5,196.2,2434.3,136.0,1686.8,10.6,-2.6,19.4,20.1,26.7,5.6,9.1,11.6,11.0,10.6,7.3,7.8,4.8,11.8,13.0,6.5,7.5,6.0,9.6,16.2,16.9,14.9,25.6,12.7,14.1,4.3,4.9,12.9,28.5,27.4,3.0,6.6,48.9,66.4,56.2,10.2,29.4,28.1,27.9,40.6,37.8,10.3,11.3,70.4,16.6,12.9,40.4,37.5,10.2,11.2,0.6,68.9,13.9,17.2,73.1,13.9,13.0,51.8,221582.6,33.1,26.2,12.2,13.9,6.9,33.5,29.6,13.3,63.8,31.3,24.3,4.3,32.4,24.9,3.4,29.133,4.5
"1985",90277.0,1037.0,88344.6,1014.8,69210.3,79551.0,89054.9,61548.6,221.2,2541.4,216.5,2487.0,150.8,1732.7,7.9,5.9,7.2,7.3,20.1,5.3,8.8,6.7,7.8,7.0,6.9,7.5,3.3,6.4,4.6,14.6,4.6,-2.3,13.5,6.2,6.0,6.7,31.4,1.2,-0.7,-2.1,-2.4,12.7,28.0,27.0,3.1,6.3,49.9,65.9,55.6,10.3,29.2,26.1,25.2,40.6,37.7,10.8,10.9,70.7,16.6,12.7,40.3,37.4,10.7,10.8,0.8,69.1,13.7,17.2,73.2,13.7,13.1,51.8,240190.3,33.2,26.5,12.7,13.7,6.7,33.7,29.6,14.0,58.4,28.6,22.4,4.2,29.8,22.7,3.1,30.308,4.0
"1986",105744.5,1199.8,103530.8,1174.7,81153.6,93298.1,104656.6,72587.1,256.6,2911.1,251.2,2850.2,176.1,1998.3,11.5,5.2,16.1,16.5,26.8,3.6,10.6,11.5,14.0,14.1,8.9,9.6,5.2,14.6,17.6,2.0,4.0,11.6,-4.7,26.1,30.9,16.1,27.1,35.1,37.8,33.3,35.3,11.2,29.3,28.3,3.4,5.6,50.5,62.9,53.0,9.9,29.1,31.0,27.4,40.4,38.0,11.0,10.6,70.9,16.7,12.4,40.0,37.6,10.9,10.5,1.1,69.4,14.0,16.6,73.2,14.0,12.8,51.6,278266.0,36.5,29.9,15.9,14.0,6.6,33.9,29.4,18.5,64.8,33.1,27.2,4.4,31.7,24.9,3.1,31.838,5.0
"1987",125228.0,1522.7,123754.0,1504.8,97069.7,111229.9,125136.7,85479.8,300.9,3658.4,297.3,3615.4,205.4,2497.2,12.9,-4.4,19.5,20.3,12.4,10.0,12.2,17.5,13.9,15.0,8.4,8.7,7.2,18.6,20.6,9.2,17.0,19.1,14.2,19.7,23.2,10.5,23.0,24.5,25.8,18.1,19.3,10.0,30.5,29.6,3.1,5.8,50.6,60.1,50.5,9.7,29.9,33.7,27.4,40.6,37.8,11.2,10.3,69.9,18.0,12.1,40.2,37.4,11.1,10.2,1.1,68.3,14.9,16.7,72.0,14.9,13.1,51.8,315475.3,39.8,32.8,17.8,14.9,7.1,33.6,29.9,21.7,65.7,35.4,29.6,4.5,30.3,25.0,2.7,33.399,4.9
"1988",150300.3,2057.3,149169.6,2041.8,117144.0,133481.3,150638.5,101466.1,357.6,4894.7,354.9,4857.9,241.4,3304.4,12.1,9.4,13.2,13.6,10.0,8.3,12.6,11.9,13.0,13.5,9.4,9.6,8.4,14.2,14.7,11.5,13.9,21.6,3.4,14.0,15.5,9.8,17.9,10.7,11.5,13.2,11.6,9.8,31.3,30.5,2.7,6.0,50.1,58.3,48.7,9.6,30.3,31.4,25.5,41.5,37.1,11.5,10.0,69.7,18.4,11.9,41.1,36.7,11.4,9.9,1.0,67.4,15.1,17.5,71.2,15.1,13.7,52.8,354223.2,41.8,33.8,18.8,15.1,8.0,35.6,30.2,23.3,59.9,32.6,27.6,4.0,27.3,22.9,2.8,35.748,7.0
"1989",170708.4,2542.6,170220.7,2535.4,134157.6,151042.3,170854.6,116101.2,402.1,5989.9,401.0,5972.8,273.5,4073.8,7.2,-0.1,4.3,4.5,11.8,12.3,9.4,7.8,8.3,8.8,11.0,11.0,11.3,16.3,18.2,5.8,16.9,21.5,9.4,15.6,18.2,8.5,16.5,-3.7,-4.2,15.9,13.5,9.1,30.0,29.3,2.5,6.9,51.5,60.9,50.5,10.4,32.3,26.5,24.9,43.2,35.6,11.6,9.5,70.6,17.7,11.7,43.0,35.5,11.6,9.5,0.4,68.0,13.9,18.1,72.2,13.9,13.9,54.8,382185.9,39.2,31.4,17.5,13.9,7.8,37.4,32.3,21.2,53.8,27.5,23.1,3.5,26.2,21.8,3.1,37.887,6.0
"1990",206712.6,2919.8,206511.6,2917.0,160342.3,181977.7,207196.4,138292.6,482.2,6810.9,481.7,6804.3,322.6,4556.6,10.0,-5.6,11.0,11.5,16.8,23.8,9.5,13.0,9.4,9.6,10.1,10.1,10.4,24.6,26.4,14.3,30.0,37.8,16.4,19.4,17.5,24.7,18.1,5.1,4.4,13.4,12.4,8.1,28.5,27.8,2.2,9.2,52.1,60.7,50.1,10.6,36.8,24.2,25.0,43.7,34.0,12.2,10.1,69.8,17.9,12.3,43.5,33.9,12.2,10.1,0.3,66.7,14.4,18.8,71.3,14.4,14.2,56.3,417425.1,39.5,31.3,16.8,14.4,8.2,40.1,36.7,20.3,51.4,25.2,20.9,3.3,26.2,21.7,3.3,41.698,10.1
"1991",249964.9,3407.4,249718.4,3404.0,196391.6,220803.0,250293.1,172341.2,577.3,7870.0,576.8,7862.2,398.1,5426.1,10.9,3.2,14.1,14.4,11.1,11.6,10.5,8.9,11.0,11.0,8.4,9.1,4.8,14.5,13.2,22.6,13.5,8.1,24.4,16.3,17.4,13.8,11.3,12.3,13.7,20.0,20.0,7.2,28.5,27.9,2.1,9.9,52.3,60.6,50.2,10.4,38.4,23.0,25.3,45.0,33.6,11.8,9.5,71.4,16.9,11.6,44.9,33.6,11.8,9.5,0.2,68.9,13.5,17.7,73.4,13.5,13.1,57.2,467652.7,39.5,32.1,18.7,13.5,7.3,41.6,38.4,22.5,50.2,23.9,20.0,3.0,26.3,21.9,3.4,45.477,9.1
"1992",286437.4,3668.3,286069.2,3663.6,222134.0,250608.5,286813.2,197603.9,654.7,8385.1,653.9,8374.4,451.7,5784.6,6.4,9.0,5.9,6.3,12.8,-1.7,8.0,3.2,6.3,6.3,7.0,7.2,6.2,2.4,1.3,8.9,0.3,-5.7,11.2,3.9,0.3,13.3,12.9,12.1,11.9,4.6,3.6,7.0,27.6,27.2,2.2,9.3,53.8,61.5,50.8,10.7,36.4,23.3,23.9,44.9,32.7,12.7,9.7,71.5,16.7,11.9,44.8,32.7,12.6,9.7,0.3,68.9,13.1,18.0,73.7,13.1,13.2,57.8,495514.0,38.6,31.3,18.1,13.1,7.3,39.1,36.4,21.4,48.9,24.0,20.3,3.0,24.8,20.5,3.5,49.000,7.7
"1993",325647.8,4056.8,325226.9,4051.5,252348.3,283827.2,325881.1,222144.2,736.8,9179.3,735.9,9167.4,502.6,6261.8,7.0,-4.2,7.1,7.2,12.8,8.9,8.4,4.0,7.3,7.3,6.6,7.1,4.1,8.1,8.4,6.4,11.9,16.0,5.5,1.2,0.6,2.5,12.8,10.1,8.8,7.1,7.9,6.2,27.8,27.3,2.3,9.4,54.3,61.5,51.1,10.4,35.8,22.9,22.6,45.0,32.6,12.9,9.5,71.1,17.4,11.6,45.0,32.5,12.9,9.5,0.2,68.2,14.0,17.9,72.9,14.0,13.2,58.0,522363.9,38.6,31.1,17.1,14.0,7.5,38.1,35.8,20.2,46.9,23.5,19.7,3.2,23.4,19.3,3.3,52.066,6.3
"1994",384996.6,4790.8,384057.9,4779.1,298268.9,336165.0,384755.1,260457.3,862.4,10731.7,860.3,10705.5,583.4,7260.2,9.4,0.1,11.9,11.9,13.4,4.6,9.4,11.7,9.6,9.4,8.4,9.4,3.3,14.4,15.1,10.4,6.0,3.5,10.3,27.5,24.5,35.0,19.7,19.5,19.1,25.8,25.3,6.0,28.6,28.2,2.3,8.7,54.4,61.8,51.8,9.9,35.9,23.5,24.2,44.9,32.7,12.7,9.7,70.5,17.7,11.8,44.8,32.7,12.6,9.7,0.2,67.7,14.3,18.0,72.2,14.3,13.5,57.9,558615.6,38.2,30.1,15.8,14.3,8.1,38.9,35.9,18.6,49.2,24.1,20.1,3.4,25.1,20.6,3.6,56.281,8.1
"1995",452187.1,5864.6,450583.1,5843.8,343485.6,387421.9,450862.6,296898.5,1002.8,13005.7,999.2,12959.5,658.4,8539.3,9.7,6.8,13.2,13.4,7.1,5.3,9.0,9.9,9.0,8.9,9.7,10.9,3.8,13.0,14.0,7.5,9.7,12.3,5.4,16.1,23.2,-2.1,21.8,24.0,23.9,23.2,22.2,5.6,29.2,28.8,2.2,8.6,54.4,61.8,52.1,9.7,36.5,25.1,26.3,45.8,30.4,14.1,9.7,69.2,18.8,12.0,45.8,30.4,14.1,9.7,0.1,65.9,15.7,18.5,70.3,15.7,14.0,60.1,598340.3,38.0,29.3,13.6,15.7,8.7,39.5,36.6,15.5,53.1,25.8,21.3,3.9,27.4,22.3,4.1,60.238,7.0
"1996",507768.4,6309.4,506046.8,6288.0,380739.2,431594.2,505893.4,336403.8,1115.4,13859.3,1111.6,13812.3,738.9,9182.0,8.0,3.9,8.7,8.8,11.0,6.5,8.1,8.5,6.8,6.8,7.7,7.9,6.9,8.7,9.0,6.8,7.4,1.2,18.5,10.5,10.8,9.6,8.8,9.4,8.3,13.8,13.0,5.3,28.1,27.7,2.2,8.7,55.8,63.6,53.4,10.1,36.9,24.2,27.5,46.8,28.4,14.7,10.1,70.5,16.9,12.6,46.8,28.4,14.7,10.1,0.0,66.5,13.8,19.7,71.1,13.8,15.1,62.2,634774.7,36.2,26.7,12.9,13.8,9.5,39.9,37.1,14.1,53.4,24.9,20.5,3.8,28.5,23.1,4.5,62.637,4.0
"1997",560502.0,5893.1,557590.9,5862.5,415341.0,472733.9,558474.7,363774.6,1219.7,12824.1,1213.4,12757.5,791.6,8323.0,6.3,4.3,6.1,6.2,9.6,0.9,7.4,5.4,4.5,4.3,4.1,4.4,2.4,-0.5,-2.0,8.0,2.6,-0.6,7.4,-7.7,-5.9,-13.6,11.0,18.5,18.7,1.8,0.6,4.8,28.0,27.6,2.2,8.7,56.4,63.6,53.6,10.0,35.1,27.5,28.4,44.9,29.6,15.4,10.1,68.9,18.2,12.9,44.9,29.5,15.4,10.1,0.2,65.1,15.4,19.5,69.7,15.4,14.9,60.3,647193.5,36.2,26.7,11.3,15.4,9.5,37.5,35.2,12.1,58.1,28.3,23.2,4.5,29.8,23.7,4.9,65.056,3.9
"1998",556786.9,3980.2,549833.8,3930.5,401073.9,455142.7,554175.7,374848.0,1202.9,8599.1,1187.9,8491.7,809.8,5789.2,-4.9,-7.6,-7.5,-7.3,1.0,-11.4,-2.0,-9.1,-6.8,-7.5,-9.3,-11.8,4.0,-20.7,-23.6,-5.2,-13.2,-18.2,-6.2,-38.1,-35.6,-46.7,-3.1,14.7,16.3,-24.6,-27.4,4.4,28.3,28.0,2.5,7.3,57.5,61.6,50.5,11.1,30.1,38.2,28.1,43.5,29.5,18.0,9.0,71.3,16.4,12.3,43.1,29.2,17.9,9.0,0.8,67.6,13.1,19.3,72.7,13.1,14.2,59.6,628694.6,38.1,30.0,16.9,13.1,8.1,28.3,30.3,19.2,70.5,39.7,32.3,6.4,30.7,22.6,5.8,67.982,4.5
"1999",613069.3,5154.1,606545.7,5099.3,441215.8,503455.9,607697.8,392031.0,1315.1,11056.3,1301.1,10938.7,841.0,7070.0,11.6,5.2,19.4,19.6,10.8,-7.5,10.0,16.6,10.7,10.9,10.9,12.2,4.9,10.0,12.1,0.5,-3.0,-12.5,8.7,36.6,32.4,54.4,13.1,12.2,15.3,24.6,29.4,4.5,28.6,28.4,2.7,6.4,57.8,63.5,52.7,10.8,29.6,31.5,26.4,42.2,30.6,17.2,10.1,67.6,19.3,13.1,42.1,30.5,17.2,10.1,0.2,64.5,16.5,18.9,69.5,16.5,14.0,58.0,641597.4,36.0,27.9,11.3,16.5,8.1,31.5,29.8,11.8,61.4,32.7,26.9,5.0,28.6,21.8,4.8,67.063,-1.4
"2000",675732.6,5976.7,671372.4,5938.1,489165.8,558308.7,671293.7,411587.0,1437.5,12714.2,1428.2,12632.2,875.6,7744.2,9.2,0.1,15.8,15.9,11.2,-4.7,7.9,10.4,6.4,6.8,7.6,9.0,0.4,14.8,14.9,13.8,0.0,2.4,-2.3,35.9,39.7,23.4,19.3,17.0,18.8,22.4,23.5,4.1,29.6,29.4,2.7,5.7,57.9,65.2,54.6,10.6,31.5,32.9,31.2,41.9,31.0,16.8,10.3,65.6,20.9,13.5,41.9,31.0,16.8,10.3,0.0,61.3,17.4,21.2,66.4,17.4,16.2,57.5,643172.4,34.4,23.8,6.4,17.4,10.6,33.2,31.7,4.7,67.6,34.3,28.0,5.1,33.3,26.1,5.3,67.689,0.9
"2001",732723.1,5676.4,727938.2,5639.3,526042.0,601954.7,726700.8,442357.7,1546.8,11983.0,1536.7,11904.8,933.8,7234.4,4.7,0.4,2.9,2.9,6.1,5.4,5.7,5.5,3.9,3.9,5.9,5.8,6.0,2.5,2.1,4.3,6.7,11.7,1.3,-5.7,-2.4,-17.3,13.7,-1.7,-2.0,-3.5,-4.4,3.8,28.1,27.9,2.7,5.8,59.5,66.8,55.5,11.4,30.5,30.9,29.6,42.6,29.6,17.1,10.6,65.2,21.2,13.7,42.7,29.7,17.2,10.6,-0.2,60.9,18.1,21.1,66.5,18.1,15.4,59.0,664125.0,32.6,23.0,4.9,18.1,9.6,32.1,30.8,2.3,64.1,32.4,26.2,4.9,31.7,24.5,5.3,70.086,3.5
"2002",813225.4,6499.4,810312.9,6476.1,589680.2,674575.0,808376.4,477349.3,1706.9,13641.3,1700.7,13592.4,1001.9,8007.2,7.7,-3.1,9.2,9.2,8.5,3.8,8.5,5.4,8.4,8.8,8.7,9.1,6.4,7.9,9.4,0.4,6.7,16.6,-4.7,9.2,10.5,4.6,8.6,12.3,15.3,15.1,15.2,3.4,27.7,27.5,2.7,5.9,60.3,67.6,56.3,11.3,30.2,28.9,27.8,42.3,30.5,16.5,10.7,63.0,23.5,13.5,42.4,30.5,16.6,10.7,-0.2,59.1,20.0,20.9,64.6,20.0,15.4,58.1,694503.0,32.0,22.4,2.4,20.0,9.6,31.5,30.4,-1.6,59.5,30.1,24.9,4.1,29.4,22.8,5.1,72.195,3.0
"2003",868110.6,7283.5,865188.8,7259.0,630016.7,716733.7,862038.0,510078.4,1812.6,15208.0,1806.5,15156.8,1065.1,8935.8,3.1,-6.1,4.8,4.8,4.3,8.9,2.4,2.0,2.6,2.7,0.7,-0.2,4.9,5.6,4.4,12.0,8.8,12.7,3.4,1.5,5.0,-10.6,4.8,13.4,16.1,10.6,11.8,3.2,27.2,27.1,2.7,6.6,60.3,66.1,54.5,11.7,31.1,30.4,29.0,43.2,29.6,16.8,10.4,63.7,23.6,12.7,43.4,29.7,16.9,10.4,-0.4,59.2,19.5,21.3,64.8,19.5,15.7,59.3,717387.6,33.4,23.8,4.3,19.5,9.6,32.6,31.3,1.4,62.2,31.7,26.6,4.0,30.5,24.0,5.1,74.769,3.6
"2004",942885.3,8237.2,941310.7,8223.4,693140.6,780783.0,938670.4,553053.2,1961.0,17131.3,1957.7,17102.7,1150.2,10048.5,5.2,7.8,10.0,10.1,7.0,2.0,3.3,4.5,4.0,4.2,1.2,0.6,4.4,3.3,3.6,2.1,1.8,3.1,-0.2,3.9,7.2,-8.5,7.8,21.4,21.2,12.0,10.7,3.1,29.2,29.0,2.5,6.3,58.9,63.9,52.1,11.9,30.9,35.6,32.3,43.1,30.5,16.8,9.6,63.1,24.9,12.0,43.2,30.6,16.8,9.6,-0.3,58.9,21.0,20.1,64.9,21.0,14.1,58.5,753275.3,35.8,27.6,6.6,21.0,8.1,32.8,31.1,5.2,71.0,37.0,30.7,4.9,33.9,26.6,5.8,77.207,3.3
"2005",995175.5,9715.6,988413.2,9649.6,724754.9,817883.6,986001.6,578713.0,2065.3,20163.2,2051.3,20026.2,1201.0,11725.3,4.4,0.6,5.0,5.0,7.4,0.1,4.6,4.3,3.2,2.7,4.9,4.7,5.4,1.9,2.5,-1.2,0.3,-0.8,1.9,3.6,4.4,-0.1,4.0,7.7,9.0,8.0,7.0,2.8,28.9,28.7,2.4,6.2,59.8,65.1,52.8,12.3,30.5,34.1,32.0,44.1,29.2,17.0,9.7,63.2,24.2,12.6,44.2,29.3,17.1,9.7,-0.2,58.7,19.9,21.4,64.8,19.9,15.3,60.2,770840.8,34.2,25.3,5.4,19.9,9.0,33.0,30.7,3.3,70.0,35.7,29.8,4.5,34.3,26.4,5.9,78.085,1.1
"2006",1045663.2,10943.5,1042726.4,10912.8,762654.1,861429.1,1039417.6,606873.6,2158.8,22592.7,2152.7,22529.2,1252.9,13112.2,5.2,2.4,7.7,7.7,3.3,0.9,4.9,4.5,3.5,4.0,5.5,5.0,7.5,4.1,5.1,-0.8,1.0,1.2,0.6,8.9,6.9,18.1,5.2,12.4,13.8,12.6,12.9,2.6,28.4,28.2,2.4,6.0,60.6,66.4,53.6,12.8,30.5,34.4,33.9,44.5,28.6,17.1,9.8,63.4,23.6,12.9,44.7,28.7,17.1,9.8,-0.3,58.4,19.5,22.1,64.8,19.5,15.7,60.9,795480.0,33.2,23.9,4.5,19.4,9.3,33.2,30.7,1.8,71.9,36.1,30.2,4.3,35.9,28.1,6.0,77.958,-0.2
"2007",1134541.3,12209.9,1131778.4,12180.1,831507.1,940342.5,1129279.4,646151.2,2330.4,25080.0,2324.8,25019.0,1327.2,14283.7,5.8,5.1,7.8,7.9,4.1,2.6,5.9,2.3,5.5,5.6,5.6,5.4,6.3,5.0,5.4,3.0,1.4,-0.2,4.0,9.6,7.2,19.1,7.6,13.0,12.9,11.5,10.4,2.4,28.6,28.4,2.3,5.9,60.9,66.0,53.1,12.8,30.1,36.0,35.3,44.3,29.2,16.7,9.8,62.5,24.4,13.1,44.4,29.2,16.7,9.9,-0.2,57.2,19.9,22.9,63.8,19.9,16.3,60.3,830368.4,33.7,23.7,3.9,19.8,10.0,33.4,30.2,1.0,75.3,37.9,31.3,4.8,37.4,28.9,6.5,79.915,2.5
"2008",1202972.9,10910.4,1203266.1,10913.1,870076.5,988597.9,1203428.6,700537.8,2452.3,22241.3,2452.9,22246.8,1428.1,12952.0,3.0,6.6,3.3,3.3,5.0,-3.2,3.8,-0.6,0.1,0.4,2.3,1.7,4.7,-0.5,-0.6,0.4,-2.7,-4.3,-0.2,0.2,-1.4,6.3,5.5,7.9,6.4,3.4,3.2,2.2,28.8,28.6,1.5,5.5,62.0,66.7,53.3,13.4,30.9,45.8,46.2,44.2,28.1,17.9,9.8,62.8,24.6,12.5,44.2,28.1,17.9,9.8,0.0,58.2,20.1,21.7,65.1,20.1,14.8,61.1,861371.4,33.4,25.0,5.1,19.9,8.3,33.7,30.9,2.7,96.2,47.9,39.3,6.5,48.3,38.0,8.2,82.264,2.9
"2009",1255305.5,9834.7,1253437.6,9820.1,901739.2,1018519.0,1252379.8,720097.8,2545.9,19945.6,2542.1,19915.9,1460.4,11441.7,0.8,4.6,-1.7,-1.7,5.6,1.5,1.7,0.3,2.8,2.6,1.5,0.2,6.7,0.9,-3.8,24.6,3.6,-2.6,12.2,-6.5,-9.0,1.6,6.8,-0.6,0.1,-6.6,-6.9,2.3,28.9,28.7,1.9,5.4,61.5,66.5,52.5,14.0,30.9,43.5,39.6,44.0,27.9,18.7,9.4,62.0,25.3,12.7,44.0,28.0,18.7,9.4,-0.1,57.5,21.3,21.2,64.7,21.3,14.0,61.2,862399.9,33.3,26.2,5.1,21.1,7.2,29.6,31.0,2.7,86.9,45.3,38.0,5.6,41.6,31.9,7.7,85.145,3.5
"2010",1379460.2,11930.4,1381435.9,11947.5,1001865.5,1128390.1,1376236.4,765740.8,2783.7,24075.4,2787.7,24109.9,1545.3,13364.3,7.0,-3.6,13.9,14.0,4.6,-3.6,5.1,7.5,7.2,7.5,4.7,4.5,5.7,6.7,11.8,-13.6,-3.4,-0.9,-6.5,23.9,29.0,8.0,6.6,13.1,13.9,17.8,19.7,2.2,30.9,30.8,2.0,4.8,60.1,64.7,51.2,13.5,30.5,45.3,42.8,42.7,29.8,17.9,9.5,59.9,27.6,12.4,42.9,29.9,18.0,9.6,-0.4,55.6,23.7,20.6,62.7,23.7,13.6,58.9,894698.6,35.1,28.1,4.8,23.2,7.1,32.9,30.5,2.7,91.9,47.3,39.6,5.6,44.6,35.1,7.6,87.460,2.7
"2011",1448575.6,13072.5,1457173.3,13150.1,1051774.3,1184566.0,1453121.6,810350.0,2900.8,26178.2,2918.0,26333.5,1622.8,14644.4,3.7,-1.0,5.1,5.2,1.4,-4.8,3.8,4.2,1.2,1.7,3.1,3.1,2.9,1.9,3.3,-5.1,-2.8,-1.6,-4.4,6.1,6.0,6.7,7.2,15.6,17.3,14.6,17.8,2.3,31.8,31.6,1.7,4.6,59.7,65.9,52.1,13.7,30.6,51.3,50.4,43.3,28.9,18.4,9.4,60.4,27.2,12.4,43.4,29.0,18.5,9.4,-0.3,55.8,23.0,21.2,63.0,23.0,14.0,60.0,912852.9,34.3,26.8,4.4,22.4,7.5,33.2,30.5,2.1,105.0,53.2,45.5,5.5,51.7,42.8,7.3,88.575,1.3
"2012",1504674.1,13352.6,1519751.8,13486.4,1093581.5,1229226.6,1515204.6,845264.7,2997.4,26598.8,3027.4,26865.4,1683.8,14942.1,2.5,-0.5,1.7,1.7,2.7,-0.4,3.4,2.0,2.6,3.0,2.3,1.7,4.7,-0.3,0.2,-2.8,-3.3,-1.0,-6.2,0.6,2.6,-6.7,6.3,6.0,5.3,2.6,2.2,2.3,31.5,31.3,1.8,4.6,59.9,66.3,52.3,14.0,29.9,52.0,49.5,43.5,28.5,18.8,9.2,60.7,27.3,12.0,43.6,28.6,18.9,9.3,-0.3,55.8,23.2,21.0,63.2,23.2,13.6,60.4,930716.0,34.2,27.1,4.7,22.4,7.1,31.0,29.6,2.6,104.3,53.9,45.6,5.9,50.4,41.5,7.5,89.719,1.3
"2013",1570938.2,14345.9,1580503.9,14433.3,1142875.7,1280565.8,1577843.9,882257.4,3115.2,28447.9,3134.1,28621.1,1749.5,15976.7,3.3,4.2,3.5,3.5,-1.3,4.4,3.5,1.1,4.3,3.9,2.5,1.8,4.9,2.4,2.1,4.2,6.3,11.9,-1.5,-4.2,-5.9,2.8,5.2,4.0,4.1,1.9,1.5,2.2,31.5,31.3,2.0,4.7,59.6,65.8,51.5,14.3,29.2,49.2,44.9,44.1,28.2,18.8,8.9,61.0,27.2,11.8,44.1,28.3,18.8,8.9,-0.2,55.9,23.2,20.9,63.5,23.2,13.3,61.0,960569.8,34.5,27.8,5.3,22.5,6.7,29.8,29.1,3.7,97.2,51.0,43.4,5.6,46.2,37.6,7.1,90.686,1.1
"2014",1638484.8,15556.9,1646049.1,15628.7,1189695.9,1332691.0,1642669.3,926680.2,3228.8,30656.0,3243.7,30797.6,1826.1,17338.2,3.2,5.1,3.3,3.3,3.5,1.9,3.0,4.4,3.6,3.5,2.6,2.1,4.3,3.6,5.4,-6.3,1.6,6.3,-5.9,5.8,5.0,8.6,5.0,2.1,1.2,1.4,0.4,2.1,30.8,30.7,2.4,4.8,59.9,65.6,51.1,14.5,29.2,45.8,41.1,44.8,27.4,18.8,8.9,61.6,26.7,11.7,44.9,27.5,18.9,8.9,-0.2,56.4,22.8,20.8,64.3,22.8,12.9,62.0,996426.8,34.6,28.3,6.1,22.2,6.3,29.7,29.1,5.0,90.0,47.5,39.9,5.7,42.4,34.0,6.9,91.639,1.1
"2015",1740776.0,15384.8,1745962.1,15430.6,1264294.0,1416721.8,1741717.5,988356.0,3412.3,30157.5,3422.5,30247.3,1937.4,17122.4,2.9,-0.3,1.7,1.8,6.7,6.1,3.1,3.7,6.7,6.5,2.9,2.6,3.9,5.3,5.3,5.0,7.5,9.7,3.5,4.8,4.6,5.5,0.8,0.0,-0.6,1.9,0.5,2.1,30.3,30.2,2.7,5.1,59.8,64.1,49.8,14.3,29.2,41.0,34.4,45.1,27.3,18.6,9.0,61.9,26.3,11.8,45.2,27.4,18.7,9.0,-0.2,56.7,22.6,20.7,64.6,22.6,12.8,62.3,1052663.3,35.9,29.6,7.5,22.0,6.3,29.3,29.2,7.5,78.1,42.5,35.6,5.3,35.6,27.4,6.9,94.598,3.2
"2016",1833026.6,15795.1,1839390.5,15850.0,1332598.7,1494841.8,1834251.4,1015405.5,3578.9,30839.2,3591.3,30946.2,1982.5,17083.4,3.2,-6.6,2.1,2.1,-0.4,10.7,3.4,4.4,4.6,4.6,3.1,2.8,4.3,6.8,6.8,6.9,10.3,17.3,-3.0,3.1,2.4,5.4,4.3,2.5,1.9,5.4,4.0,1.9,30.1,29.9,2.8,5.5,59.8,63.7,49.2,14.4,29.9,38.1,31.8,44.9,27.6,18.5,9.1,61.1,27.0,12.0,45.0,27.6,18.5,9.1,-0.3,55.4,23.3,21.4,63.3,23.3,13.4,62.0,1067290.4,36.4,29.4,6.8,22.6,7.0,30.0,29.8,6.5,72.8,39.7,32.9,5.1,33.1,24.9,6.8,96.549,2.1
"2017",1934233.9,17104.4,1941716.5,17170.6,1406715.4,1577031.4,1935277.5,1046674.9,3765.9,33301.7,3780.5,33430.5,2037.8,18020.6,3.4,1.2,4.2,4.3,5.7,6.6,2.8,2.7,3.2,3.2,3.1,2.9,3.7,9.9,11.2,2.3,7.6,12.8,-4.5,15.4,19.4,2.3,6.9,2.5,4.2,7.9,7.5,1.9,30.6,30.5,2.4,5.8,59.4,63.5,49.0,14.6,31.7,38.8,34.3,44.6,27.9,18.4,9.1,60.1,27.7,12.2,44.7,28.0,18.5,9.1,-0.3,54.1,23.9,22.0,62.1,23.9,14.0,61.5,1078905.2,36.5,29.1,5.9,23.2,7.4,31.9,31.7,5.0,76.1,40.5,34.2,4.5,35.6,27.1,7.1,98.498,2.0
"2018",2006974.5,18240.2,2014588.5,18309.4,1453820.7,1628018.5,2007352.8,1093458.4,3890.6,35359.6,3905.4,35493.7,2119.7,19264.9,3.2,-0.8,3.3,3.4,-1.2,-2.1,4.2,1.2,2.0,2.0,3.8,3.3,5.4,-2.0,-2.7,2.8,-4.2,-5.1,-1.6,-2.2,-4.6,6.8,4.2,3.8,2.8,1.6,1.9,1.7,30.3,30.2,2.0,5.7,60.2,64.6,49.4,15.1,30.5,39.5,35.3,45.3,26.9,18.8,9.0,60.7,27.1,12.2,45.5,27.0,18.9,9.0,-0.4,54.5,22.7,22.9,62.9,22.7,14.5,62.8,1111481.7,35.5,27.7,5.7,22.0,7.7,31.2,30.5,4.6,78.1,41.3,34.5,4.8,36.8,28.2,6.9,99.056,0.6
"2019",2040594.3,17506.1,2057204.1,17648.6,1469967.6,1648030.4,2051307.9,1141898.9,3942.0,33818.5,3974.1,34093.7,2205.9,18924.5,2.3,2.9,0.5,0.5,3.8,-1.7,3.8,0.7,0.2,0.6,3.3,2.4,6.4,-2.1,-4.3,11.6,-1.3,-3.8,5.4,-6.3,-9.1,3.2,2.7,-0.2,-1.5,-2.0,-2.7,1.6,28.7,28.6,2.0,5.8,61.8,66.2,50.1,16.1,30.1,37.0,34.4,46.7,24.7,19.6,8.9,61.9,25.7,12.3,46.9,24.8,19.7,9.0,-0.3,55.7,21.8,22.5,64.6,21.8,13.6,65.4,1152541.4,34.2,27.6,6.6,21.1,6.6,31.0,30.0,5.8,74.9,39.2,31.6,5.2,35.7,27.0,7.1,98.438,-0.6
"2020",2058466.5,17443.9,2075410.3,17587.5,1460954.8,1648918.5,2072253.6,1181885.9,3971.1,33651.9,4003.8,33928.9,2280.0,19321.5,-0.7,-6.7,-2.0,-2.0,5.7,-0.4,-0.4,1.1,0.1,0.1,-2.2,-4.6,5.2,2.8,2.6,3.6,1.7,0.3,5.0,4.3,5.4,1.1,3.0,-1.7,0.1,-3.3,0.2,1.7,28.1,28.0,2.4,5.8,62.0,64.8,47.8,17.0,31.0,34.6,30.9,47.5,22.9,20.4,9.2,62.0,25.6,12.5,47.5,23.0,20.4,9.2,-0.2,57.0,22.8,20.1,66.5,22.8,10.7,67.4,1181885.9,35.6,32.4,10.3,22.1,3.3,31.3,30.8,11.4,68.6,36.6,29.6,4.7,32.1,24.8,5.8,100.000,1.6
"2021",2221912.9,19415.2,2245326.5,19619.8,1571793.3,1780892.1,2240839.7,1224043.6,4291.9,37503.1,4337.2,37898.3,2364.4,20660.3,4.6,3.4,6.5,6.5,1.7,-0.9,4.3,5.1,3.6,3.8,4.2,3.7,5.6,4.3,6.0,-4.5,-0.2,3.1,-7.8,10.2,13.2,0.8,6.5,10.8,10.9,10.2,12.5,1.8,28.7,28.6,1.8,5.6,62.0,64.1,47.1,17.0,31.5,39.3,36.0,46.2,23.8,20.5,9.5,60.1,27.0,12.9,46.3,23.8,20.5,9.5,-0.2,54.6,23.7,21.6,64.1,23.7,12.2,66.0,1193764.5,36.4,31.7,8.6,23.1,4.8,32.2,31.2,9.1,79.2,41.8,33.1,5.9,37.4,29.3,6.3,103.181,3.2
"2022",2323781.5,17986.6,2351837.0,18203.8,1622715.8,1840003.0,2349203.9,1288946.8,4497.1,34808.8,4551.4,35229.1,2494.5,19307.6,2.7,0.8,2.4,2.5,3.5,0.9,3.8,-2.3,-0.7,-0.5,4.2,4.2,4.0,-0.2,1.2,-7.7,-3.5,-0.7,-10.7,-0.3,1.9,-7.8,7.8,3.9,3.9,4.2,4.7,1.6,28.9,28.8,0.8,5.7,63.1,66.7,49.0,17.6,31.9,45.3,45.3,46.9,22.1,21.7,9.4,60.2,26.9,13.0,46.9,22.1,21.7,9.4,-0.1,54.9,22.6,22.6,64.6,22.6,12.8,68.0,1203572.6,34.1,28.9,6.9,22.0,5.1,33.0,31.6,6.3,94.8,48.0,37.9,6.9,46.8,37.3,7.5,105.046,1.8
"2023",2401189.4,18394.1,2443318.1,18716.9,1696928.0,1894840.8,2438286.4,1316228.8,4643.3,35569.9,4724.8,36194.0,2545.3,19497.9,1.4,-2.6,1.7,1.7,-2.9,3.1,2.1,-4.4,1.6,2.2,1.6,1.8,1.3,1.4,1.2,2.9,1.5,3.1,-2.8,1.1,1.6,-1.0,1.7,3.6,2.9,3.5,-0.3,1.5,27.7,27.6,1.9,5.9,63.0,67.5,49.9,17.6,32.1,41.5,41.2,47.0,22.5,22.2,8.3,60.5,27.3,12.2,47.1,22.5,22.3,8.3,-0.2,54.0,24.1,21.9,63.8,24.1,12.1,67.7,1189961.4,33.5,29.0,5.5,23.4,4.6,31.8,31.6,4.0,87.3,44.7,34.4,6.4,42.7,32.6,7.9,107.042,1.9
"2024",0.0,0.0,0.0,0.0,0.0,0.0,0.0,0.0,0.0,0.0,0.0,0.0,0.0,0.0,2.0,0.6,4.0,4.0,5.0,-2.6,1.6,1.6,3.9,0.0,1.3,1.1,1.7,-0.6,-1.2,3.1,-2.7,0.0,0.0,1.8,0.0,0.0,0.7,6.9,6.3,2.4,1.2,0.0,0.0,0.0,0.0,0.0,0.0,0.0,0.0,0.0,0.0,0.0,0.0,0.0,0.0,0.0,0.0,0.0,0.0,0.0,0.0,0.0,0.0,0.0,0.0,0.0,0.0,0.0,0.0,0.0,0.0,0.0,0.0,0.0,0.0,0.0,0.0,0.0,0.0,0.0,0.0,0.0,0.0,0.0,0.0,0.0,0.0,0.0,0.000,0.0
