표측1,표측2,2023,2023,2023,2023,2023,2023,2023,2023,2023,2023,2023,2022,2022,2022,2022,2022,2022,2022,2022,2022,2022,2022,2021,2021,2021,2021,2021,2021,2021,2021,2021,2021,2021,2020,2020,2020,2020,2020,2020,2020,2020,2020,2020,2020,2019,2019,2019,2019,2019,2019,2019,2019,2019,2019,2019,2018,2018,2018,2018,2018,2018,2018,2018,2018,2018,2018,2017,2017,2017,2017,2017,2017,2017,2017,2017,2017,2017,2016,2016,2016,2016,2016,2016,2016,2016,2016,2016,2016,2015,2015,2015,2015,2015,2015,2015,2015,2015,2015,2015,2014,2014,2014,2014,2014,2014,2014,2014,2014,2014,2014
표측1,표측2,1.사례수,2.① 전혀 그렇지 않다,3.② 별로 그렇지 않다,4.③ 보통,5.④ 대체로 그렇다,6.⑤ 매우 그렇다,7.5점 평균,8.100점 평균,9.④+⑤ 그렇다,10.평균,11.계,1.사례수,2.① 전혀 그렇지 않다,3.② 별로 그렇지 않다,4.③ 보통,5.④ 대체로 그렇다,6.⑤ 매우 그렇다,7.5점 평균,8.100점 평균,9.④+⑤ 그렇다,10.평균,11.계,1.사례수,2.① 전혀 그렇지 않다,3.② 별로 그렇지 않다,4.③ 보통,5.④ 대체로 그렇다,6.⑤ 매우 그렇다,7.5점 평균,8.100점 평균,9.④+⑤ 그렇다,10.평균,11.계,1.사례수,2.① 전혀 그렇지 않다,3.② 별로 그렇지 않다,4.③ 보통,5.④ 대체로 그렇다,6.⑤ 매우 그렇다,7.5점 평균,8.100점 평균,9.④+⑤ 그렇다,10.평균,11.계,1.사례수,2.① 전혀 그렇지 않다,3.② 별로 그렇지 않다,4.③ 보통,5.④ 대체로 그렇다,6.⑤ 매우 그렇다,7.5점 평균,8.100점 평균,9.④+⑤ 그렇다,10.평균,11.계,1.사례수,2.① 전혀 그렇지 않다,3.② 별로 그렇지 않다,4.③ 보통,5.④ 대체로 그렇다,6.⑤ 매우 그렇다,7.5점 평균,8.100점 평균,9.④+⑤ 그렇다,10.평균,11.계,1.사례수,2.① 전혀 그렇지 않다,3.② 별로 그렇지 않다,4.③ 보통,5.④ 대체로 그렇다,6.⑤ 매우 그렇다,7.5점 평균,8.100점 평균,9.④+⑤ 그렇다,10.평균,11.계,1.사례수,2.① 전혀 그렇지 않다,3.② 별로 그렇지 않다,4.③ 보통,5.④ 대체로 그렇다,6.⑤ 매우 그렇다,7.5점 평균,8.100점 평균,9.④+⑤ 그렇다,10.평균,11.계,1.사례수,2.① 전혀 그렇지 않다,3.② 별로 그렇지 않다,4.③ 보통,5.④ 대체로 그렇다,6.⑤ 매우 그렇다,7.5점 평균,8.100점 평균,9.④+⑤ 그렇다,10.평균,11.계,1.사례수,2.① 전혀 그렇지 않다,3.② 별로 그렇지 않다,4.③ 보통,5.④ 대체로 그렇다,6.⑤ 매우 그렇다,7.5점 평균,8.100점 평균,9.④+⑤ 그렇다,10.평균,11.계
표측1,표측2, , , , , , , , , , , , , , , , , , , , , , , , , , , , , , , , , , , , , , , , , , , , , , , , , , , , , , , , , , , , , , , , , , , , , , , , , , , , , , , , , , , , , , , , , , , , , , , , , , , , , , , , , , , , , , 
1.전체, ,,0.3,1.2,6.4,28.6,63.6,4.5,88.5,,,,"16,525.00",0.6,2.1,6.7,20.8,69.7,,,90.5,,100,"3,976.00",0.6,2.2,8.9,26.6,61.7,,,88.3,,100,517,0.8,3.3,18.8,32.7,44.5,,,77.2,,100,,0.6,2.7,12,45.5,39.2,,,84.7,,100,,0.7,2.7,12.2,47.3,37,,,84.4,,100,"13,841.00",0.4,2.5,11.4,47.8,37.9,,,85.7,,100,"12,003.00",0.3,2.8,12.8,49,35.1,,,84.1,0,0,"12,882.00",0.3,2.6,11.5,49.1,36.5,,,85.6,0,0,"12,024.00",0.3,2.5,11.9,57.7,27.7,,,85.4,0,0
2.월별,1.1월,,0.3,0.7,6.3,25.3,67.5,4.6,89.8,,,,333,0,0.9,7.2,24.9,67,,,91.9,,100,153,0.7,4.6,15.7,27.5,51.6,,,79.1,,100,,,,,,,,,,,,,0.3,2.2,13.4,46.5,37.6,,,84.1,,100,,0.4,3.2,13.1,43.5,39.7,,,83.2,,100,"1,259.00",0.3,2.4,12.7,48.3,36.3,,,84.6,,100,758,0.1,3.7,13.1,49.8,33.2,,,83.1,0,0,922,0.1,2.2,12,54.2,31.6,,,85.7,0,0,717,0.3,1.9,9.1,59.1,29.5,,,88.6,0,0
2.월별,2.2월,,0.3,1.2,4.4,26.4,67.8,4.6,90.1,,,,418,0.7,2.2,5.5,23.7,67.9,,,91.6,,100,126,1.6,3.2,21.4,29.4,44.4,,,73.8,,100,,,,,,,,,,,,,0.6,2.1,9.9,43.5,44,,,87.4,,100,,0.5,3.4,11.7,47.4,37,,,84.4,,100,"1,300.00",0.1,1.2,12.9,53.6,32.3,,,85.9,,100,797,0.2,1.6,11.2,47.8,39.2,,,87,0,0,"1,061.00",0.8,2.8,10.6,58.9,26.9,,,85.8,0,0,771,0.2,1.6,10.9,54.8,32.4,,,87.3,0,0
2.월별,3.3월,,0.6,1.1,6.8,26.4,65.1,4.5,88.6,,,,561,0.7,1.8,9.6,26.4,61.5,,,87.9,,100,191,0,2.1,11.5,30.9,55.5,,,86.4,,100,,,,,,,,,,,,,0.6,3.1,11.7,43.6,41,,,84.6,,100,,0.8,3.7,10.9,49.2,35.4,,,84.6,,100,"1,276.00",1.1,2.4,11.7,47.7,37.1,,,84.8,,100,978,0.5,2.3,10.2,51.2,35.8,,,86.9,0,0,"1,238.00",0.2,2.6,10.5,53,33.7,,,86.6,0,0,968,0.3,2.9,14.6,54.1,28.1,,,82.2,0,0
2.월별,4.4월,,0.1,1.4,6.2,29.3,63,4.5,88.4,,,,"1,171.00",0.5,1.7,6.6,20.7,70.5,,,91.2,,100,257,0.4,2.3,9.7,31.9,55.6,,,87.5,,100,,,,,,,,,,,,,0.7,3.1,12.8,46.2,37.2,,,83.4,,100,,0.7,2.4,10.2,48.1,38.6,,,86.7,,100,"1,113.00",0.4,2.8,13.4,46.4,37,,,83.5,,100,"1,032.00",0.1,2.4,12.6,47.7,37.2,,,84.9,0,0,"1,363.00",0.4,3.2,9.5,55.2,31.7,,,86.8,0,0,"1,060.00",0.4,4,12.6,56,26.9,,,83,0,0
2.월별,5.5월,,0.2,1.5,7.4,22.4,68.5,4.6,89.4,,,,"1,880.00",0.4,1.9,6.2,19.7,71.9,,,91.5,,100,280,0.4,3.9,12.5,34.6,48.6,,,83.2,,100,,,,,,,,,,,,,0.8,4,12,44.5,38.8,,,83.3,,100,,0.7,2.3,12.5,46.8,37.7,,,84.5,,100,"1,000.00",0.3,3,10.8,45.9,40,,,85.9,,100,"1,030.00",0.3,2.9,14.7,45.8,36.3,,,82.1,0,0,"1,314.00",0.2,3,14.9,46.2,35.8,,,81.9,0,0,"1,042.00",0.2,2.6,12.7,56.8,27.7,,,84.5,0,0
2.월별,6.6월,,0.5,1,5.7,29,63.8,4.5,88.7,,,,"1,389.00",0.4,2.4,8,22,67.1,,,89.1,,100,255,0.4,3.1,8.6,37.6,50.2,,,87.8,,100,,,,,,,,,,,,,0.3,2.1,12.6,41.8,43.2,,,85,,100,,1.2,3.5,11.9,48.6,34.8,,,83.4,,100,"1,025.00",1.1,3,11.3,44.5,40.1,,,84.6,,100,"1,080.00",0.2,3.4,11.7,45.3,39.4,,,84.7,0,0,676,0.4,2.4,12,46.4,38.6,,,85.1,0,0,"1,022.00",0.4,1.8,11.4,65.1,21.2,,,86.4,0,0
2.월별,7.7월,,0.3,0.9,4.7,25.5,68.6,4.6,90.3,,,,"1,650.00",0.7,2.2,7.7,20.8,68.6,,,89.4,,100,246,0,3.3,8.9,32.1,55.7,,,87.8,,100,,,,,,,,,,,,,0.6,2.7,10.7,48.1,37.9,,,86,,100,,0.6,2.8,15,48.4,33.3,,,81.7,,100,"1,039.00",0.3,2.4,10,47.6,39.7,,,87.3,,100,"1,183.00",0,3.3,16,52.1,28.6,,,80.7,0,0,584,0.2,2.2,9.5,39.1,49,,,88.1,0,0,"1,124.00",0.2,2.2,11.3,61.1,25.2,,,86.3,0,0
2.월별,8.8월,,0.3,1.8,6.8,30.9,60.2,4.5,87.2,,,,"1,735.00",0.9,3.1,7,19,70,,,89,,100,356,0.3,1.7,8.7,25.8,63.5,,,89.3,,100,,,,,,,,,,,,,1.1,2.3,14.9,43.6,38.1,,,81.7,,100,,1,1.8,12.6,46,38.7,,,84.6,,100,"1,147.00",0.2,2.8,9.2,46.5,41.3,,,87.8,,100,"1,154.00",0.4,4,14,48.8,32.8,,,81.6,0,0,"1,001.00",0.4,2.2,11.7,44.5,41.2,,,85.7,0,0,"1,213.00",0.1,1.2,11.1,60.9,26.6,,,87.5,0,0
2.월별,9.9월,,0.1,1.3,6.6,30.3,61.6,4.5,88,,,,"1,942.00",0.8,2.1,7.4,22,67.8,,,89.8,,100,306,1,2.6,10.8,28.1,57.5,,,85.6,,100,,,,,,,,,,,,,0.2,3.5,14,45.7,36.5,,,82.3,,100,,0.7,2.5,11.1,47.7,38,,,85.8,,100,"1,122.00",0.5,3,11.3,48,37.1,,,85.1,,100,"1,046.00",0.6,3.7,12.1,53.2,30.5,,,83.7,0,0,"1,153.00",0.1,3.6,14.2,45.9,36.2,,,82.1,0,0,"1,051.00",0,2.5,9.7,57.2,30.5,,,87.7,0,0
2.월별,10.10월,,0.3,1,7.5,31.9,59.3,4.5,87.2,,,,"2,000.00",1,2.4,5.6,19.5,71.7,,,91.2,,100,526,0.4,1.7,6.5,22.2,69.2,,,91.4,,100,,,,,,,,,,,,,0.6,2.2,10.1,49.6,37.6,,,87.2,,100,,0.7,2,12.1,49,36.1,,,85.2,,100,"1,221.00",0.2,2.8,11.1,48,37.8,,,85.8,,100,"1,103.00",0.3,2.1,13,47,37.6,,,84.6,0,0,"1,333.00",0.2,3.3,9.4,46.6,40.4,,,87.1,0,0,"1,133.00",0.3,2.4,13.3,57.4,26.7,,,84,0,0
2.월별,11.11월,,0,1.2,7.8,31.9,59,4.5,87.2,,,,"1,933.00",0.8,1.7,5.3,19,73.2,,,92.1,,100,802,1.1,0.7,6.2,19.7,72.2,,,91.9,,100,,,,,,,,,,,,,1,2.9,11.2,44.8,40,,,84.9,,100,,0.6,2.3,12.3,44.9,39.8,,,84.7,,100,"1,146.00",0.2,2.3,10.6,50,36.9,,,86.9,,100,906,0.5,1.4,12.2,50.5,35.5,,,85.9,0,0,"1,128.00",0.3,1.2,12.8,46.3,39.5,,,85.7,0,0,972,0.2,2.8,12.3,57.1,27.6,,,84.7,0,0
2.월별,12.12월,,0.3,0.5,5.5,28,65.6,4.6,89.5,,,,"1,513.00",0.3,1.7,6.5,22.2,69.3,,,91.5,,100,478,0.4,2.1,6.3,23.4,67.8,,,91.2,,100,,,,,,,,,,,,,0.3,1.6,11.2,48.2,38.7,,,86.9,,100,,0.8,3.2,12.9,47.2,35.9,,,83.1,,100,"1,195.00",0.2,2.3,10.8,46.3,40.4,,,86.8,,100,937,0.4,2.4,11.7,48.3,37.2,,,85.5,0,0,"1,109.00",0.4,1.8,9.7,47.9,40.2,,,88,0,0,951,0.2,3.5,12.8,50.9,32.6,,,83.5,0,0
3.분기,1.1분기,,0.4,1,6,26.1,66.5,4.6,89.3,,,,"1,312.00",0.5,1.7,7.7,25.2,64.9,,,90.1,,100,470,0.6,3.2,15.5,29.4,51.3,,,80.6,,100,,,,,,,,,,,,,,,,,,,,,,,,,,,,,,,,,,,,,,,,,,,,,,,,,,,,,,,,,,,,,,,,,,,,,,,,,,,,,
3.분기,2.2분기,,0.3,1.3,6.4,27,65.1,4.6,88.8,,,,"4,440.00",0.4,2,6.8,20.7,70,,,90.7,,100,792,0.4,3.2,10.4,34.7,51.4,,,86.1,,100,,,,,,,,,,,,,,,,,,,,,,,,,,,,,,,,,,,,,,,,,,,,,,,,,,,,,,,,,,,,,,,,,,,,,,,,,,,,,
3.분기,3.3분기,,0.2,1.4,6.1,29,63.3,4.5,88.5,,,,"5,327.00",0.8,2.4,7.4,20.7,68.8,,,89.4,,100,908,0.4,2.4,9.5,28.3,59.4,,,87.7,,100,,,,,,,,,,,,,,,,,,,,,,,,,,,,,,,,,,,,,,,,,,,,,,,,,,,,,,,,,,,,,,,,,,,,,,,,,,,,,
3.분기,4.4분기,,0.2,0.9,7,30.7,61.1,4.5,87.9,,,,"5,446.00",0.7,1.9,5.7,20.1,71.5,,,91.6,,100,"1,806.00",0.7,1.4,6.3,21.4,70.2,,,91.6,,100,,,,,,,,,,,,,,,,,,,,,,,,,,,,,,,,,,,,,,,,,,,,,,,,,,,,,,,,,,,,,,,,,,,,,,,,,,,,,
4.국가,1.일본,,0,0.9,5.9,24.6,68.6,4.6,90.3,,,,"1,793.00",0.2,1,4.5,14.7,79.6,,,94.3,,100,295,0.7,3.4,20.7,35.3,40,,,75.3,,100,87,1.1,6.9,32.2,34.5,25.3,,,59.8,,100,,1.2,3.6,13.1,33.5,48.6,,,82.2,,100,,1.8,6.5,14.8,33,44,,,77,,100,"2,615.00",0.4,3.4,10.6,38,47.6,,,85.6,,100,"1,763.00",0.3,1.9,12,46.9,38.9,,,85.8,0,0,"2,007.00",0.3,2.5,12.4,46.1,38.7,,,84.7,0,0,"2,180.00",0.3,2.3,14.1,48.6,34.7,,,83.3,0,0
4.국가,2.중국,,0.1,0.5,4.7,33.4,61.3,4.6,88.8,,,,841,0,1.1,11.4,41.4,46.1,,,87.5,,100,745,0.1,2.1,8.2,45.6,43.9,,,89.5,,100,79,0,3.8,5.1,73.4,17.7,,,91.1,,100,,0.4,2.7,13.7,55.7,27.5,,,83.2,,100,,0.3,1.5,11.8,60.6,25.8,,,86.4,,100,"4,585.00",0,1.9,11.6,61.5,25,,,86.5,,100,"6,020.00",0,3.3,13.8,58.2,24.8,,,82.9,0,0,"6,092.00",0.2,2.9,11.8,56,29.2,,,85.2,0,0,"5,379.00",0.1,2.5,11.6,71.2,14.7,,,85.9,0,0
4.국가,3.홍콩,,0,0.8,7.6,36.9,54.7,4.5,86.4,,,,210,0,0,6.2,32.9,61,,,93.8,,100,2,0,0,0,0,100,,,100,,100,,,,,,,,,,,,,0,2.2,12,61.1,24.6,,,85.7,,100,,0.4,1.2,13.5,58.9,26.1,,,85,,100,743,0.2,2.1,12.8,53.5,31.4,,,84.9,,100,499,0.4,1.5,14.9,49.9,33.4,,,83.3,0,0,574,0.2,1.8,12.4,49.7,35.8,,,85.5,0,0,536,0.6,1.5,10.6,52.2,35,,,87.2,0,0
4.국가,4.싱가포르,,0.1,0.9,7.1,37.8,54.1,4.4,86.2,,,,"2,044.00",0.2,1,3.9,26,68.8,,,94.8,,100,245,0.4,1.6,4.9,30.2,62.9,,,93.1,,100,8,0,0,0,25,75,,,100,,100,,0,0.5,7.7,42.9,48.9,,,91.8,,100,,1,1.8,8.7,41.4,47.1,,,88.5,,100,228,0.7,0.9,9.8,45,43.5,,,88.5,,100,158,0.8,0.8,5.9,41.7,50.8,,,92.5,0,0,164,0.9,0.6,4.4,39.1,55,,,94.1,0,0,181,0,1.4,9.4,45,44.2,,,89.2,0,0
4.국가,5.대만,,0,0.1,5.2,36.9,57.9,4.5,88.1,,,,726,0.1,0.7,5,23.6,70.7,,,94.2,,100,44,0,0,6.8,47.7,45.5,,,93.2,,100,3,0,0,0,100,0,,,100,,100,,0.2,1.4,11.5,61.8,25.1,,,86.8,,100,,0.4,2,12.8,57.8,27,,,84.7,,100,"1,049.00",0,1.2,10.1,59,29.7,,,88.7,,100,639,0.3,3.7,16,45.4,34.6,,,80,0,0,568,0.2,2.7,13.5,57.7,26,,,83.7,0,0,619,0.1,1.7,12.4,66.1,19.6,,,85.7,0,0
4.국가,6.태국,,0.3,0.4,10.4,23.5,65.5,4.5,88.4,,,,522,0.2,0.2,1.5,16.1,82,,,98.1,,100,27,0,0,7.4,11.1,81.5,,,92.6,,100,1,0,0,100,0,0,,,0,,100,,0.3,1.1,14.4,50.4,33.8,,,84.2,,100,,1.1,1.4,12.8,48.1,36.7,,,84.8,,100,510,0.4,4.4,10.4,41.8,43,,,84.8,,100,324,0.2,3.7,12.8,40,43.3,,,83.3,0,0,359,0.4,3.6,11,47.1,37.9,,,85,0,0,399,0.1,4.2,10.9,56.6,28.1,,,84.7,0,0
4.국가,7.말레이시아,,0.5,1.6,6.5,37.8,53.5,4.4,85.6,,,,413,0,0.5,5.3,20.3,73.8,,,94.2,,100,42,0,0,7.1,19,73.8,,,92.9,,100,4,0,0,0,0,100,,,100,,100,,0.1,1.8,9.9,46.3,41.8,,,88.1,,100,,0.6,1.6,8.5,46.5,42.9,,,89.3,,100,328,0.3,1.4,10.5,46.6,41.3,,,87.9,,100,223,0,1.8,9.1,40.4,48.7,,,89.1,0,0,230,0.4,1.2,8.7,46.6,43.3,,,89.8,0,0,221,0.1,1.1,12.8,47.8,38.1,,,85.9,0,0
4.국가,8.호주,,0.2,2.3,9.8,26.5,61.3,4.5,86.6,,,,412,0.5,2.7,5.8,20.9,70.1,,,91,,100,6,0,0,16.7,16.7,66.7,,,83.3,,100,2,0,0,0,0,100,,,100,,100,,0.2,3.4,8.3,33.2,54.9,,,88.1,,100,,0.4,2.5,11.1,35.2,50.8,,,86.1,,100,167,1.1,2.2,12.1,35.4,49.2,,,84.6,,100,115,2,4.9,12.4,30.2,50.5,,,80.7,0,0,138,0,3.8,7.9,37.7,50.5,,,88.3,0,0,125,0.8,3.2,10.4,43.1,42.6,,,85.6,0,0
4.국가,9.미국,,0.3,1.7,7.5,22.8,67.6,4.6,88.9,,,,"2,707.00",0.5,2.1,6,17.6,73.7,,,91.4,,100,887,0.3,2,5.9,15.7,76.1,,,91.8,,100,117,0,2.6,19.7,18.8,59,,,77.8,,100,,0.8,3.7,8.1,26.6,60.9,,,87.4,,100,,1,3.1,9.4,31.1,55.5,,,86.6,,100,933,1.5,4.4,10,29.9,54.2,,,84.1,,100,630,1.1,2.9,9.2,27.5,59.3,,,86.8,0,0,799,1,3.5,10.2,28.5,56.8,,,85.3,0,0,696,0.7,4.5,10.2,33.2,51.3,,,84.6,0,0
4.국가,10.캐나다,,1,4.3,7.7,22.1,64.8,4.5,86.3,,,,300,0.7,2.3,7.3,16,73.7,,,89.7,,100,40,0,5,10,35,50,,,85,,100,17,0,0,0,41.2,58.8,,,100,,100,,0.5,4.7,12.9,30.9,51,,,81.9,,100,,0.7,4.7,10.1,35.6,48.9,,,84.5,,100,186,1.4,5.9,12.8,28.6,51.4,,,80,,100,126,2.2,4.3,13.8,29.7,50.1,,,79.8,0,0,151,2.1,5.4,9.6,35.1,47.8,,,82.9,0,0,130,2,4.9,11.9,34.4,46.9,,,81.3,0,0
4.국가,11.영국,,0.4,1.8,6.5,20.9,70.3,4.6,89.7,,,,460,0.9,4.3,5.7,20.4,68.7,,,89.1,,100,196,2,2.6,9.2,15.3,70.9,,,86.2,,100,26,0,3.8,23.1,11.5,61.5,,,73.1,,100,,0.8,5.6,12.7,27.1,53.8,,,80.8,,100,,0.3,2.1,10.1,35.3,52.2,,,87.5,,100,132,1.1,2.9,9.7,35.1,51.2,,,86.4,,100,91,0.6,3.1,10.3,35.3,50.7,,,86,0,0,120,0.3,1.8,12.2,30.3,55.5,,,85.7,0,0,110,0.8,2.9,8.3,44.2,43.8,,,88,0,0
4.국가,12.독일,,0.8,5.3,13.1,26.2,54.7,4.3,82.2,,,,910,0.7,4,12.2,22.1,61.1,,,83.2,,100,320,1.3,0.6,13.8,30.6,53.8,,,84.4,,100,68,1.5,1.5,22.1,25,50,,,75,,100,,0.2,3.7,16,28.8,51.4,,,80.2,,100,,0.8,3.5,12.2,38,45.5,,,83.4,,100,112,1.3,2.9,13.9,34.5,47.4,,,81.9,,100,77,1,2.3,12.1,35.9,48.7,,,84.6,0,0,100,0.4,2.4,12.4,32.1,52.7,,,84.8,0,0,86,1.3,2.6,12.5,38.6,45,,,83.6,0,0
4.국가,13.프랑스,,3.4,4.3,10.8,31.6,49.9,4.2,80.1,,,,"1,037.00",1.1,5,8.3,17.4,68.3,,,85.6,,100,214,2.3,4.2,7,18.7,67.8,,,86.4,,100,11,9.1,9.1,27.3,18.2,36.4,,,54.5,,100,,2.1,8.8,16,36.2,37,,,73.2,,100,,0.7,5.9,15.4,35.4,42.7,,,78.1,,100,97,0.9,4.7,15.1,33.1,46.1,,,79.3,,100,66,0.7,3.5,15.1,31.2,49.4,,,80.6,0,0,85,0,1.9,16.5,39.1,42.4,,,81.6,0,0,71,0.3,2,14.5,39.6,43.6,,,83.2,0,0
4.국가,14.러시아,,0,1.7,4.6,29.4,64.3,4.6,89.1,,,,122,0,2.5,9,13.1,75.4,,,88.5,,100,82,0,2.4,7.3,24.4,65.9,,,90.2,,100,2,0,0,0,0,100,,,100,,100,,0.3,0.7,11.5,45,42.4,,,87.4,,100,,0.1,1.6,13.8,38.7,45.8,,,84.5,,100,246,0.4,2.7,14.6,35.9,46.4,,,82.3,,100,138,0,3,16.2,38.3,42.5,,,80.8,0,0,154,0.4,2.4,15.3,41.5,40.4,,,81.9,0,0,158,0,1.6,14.3,47.4,36.7,,,84.1,0,0
4.국가,15.중동,,0.2,1.3,7.3,29.2,62.1,4.5,87.9,,,,431,2.1,3,7.9,20.9,66.1,,,87,,100,44,0,2.3,11.4,13.6,72.7,,,86.4,,100,15,6.7,6.7,13.3,33.3,40,,,73.3,,100,,1.1,1.2,14.1,38.6,45,,,83.6,,100,,0.6,1.5,14.6,32.5,50.9,,,83.3,,100,226,0.9,1.4,14,31.6,52.1,,,83.8,,100,135,1,0.5,9.1,30.1,59.2,,,89.3,0,0,171,0,1.5,5.9,34.7,57.9,,,92.6,0,0,137,0,1.1,6.1,39.3,53.6,,,92.9,0,0
4.국가,16.중앙아시아,,,,,,,,,,,,,,,,,,,,,,,,,,,,,,,,,,,,,,,,,,,,,,0,1.7,19.2,41.8,37.3,,,79.1,,100,,,,,,,,,,,,,,,,,,,,,,,,,,,,,,,,,,,,,,,,,,,,,,,,,,,,,,,
4.국가,17.GCC,,,,,,,,,,,,,,,,,,,,,,,,,,,,,,,,,,,,,,,,,,,,,,2.5,0.9,7.3,25,64.3,,,89.3,,100,,,,,,,,,,,,,,,,,,,,,,,,,,,,,,,,,,,,,,,,,,,,,,,,,,,,,,,
4.국가,18.기타중동,,,,,,,,,,,,,,,,,,,,,,,,,,,,,,,,,,,,,,,,,,,,,,3.2,0,3.9,38.9,54,,,92.9,,100,,,,,,,,,,,,,,,,,,,,,,,,,,,,,,,,,,,,,,,,,,,,,,,,,,,,,,,
4.국가,19.인도,,0,1.4,6.7,28.5,63.4,4.5,88.5,,,,192,0,1.6,4.2,22.9,71.4,,,94.3,,100,55,0,12.7,14.5,36.4,36.4,,,72.7,,100,9,0,0,22.2,44.4,33.3,,,77.8,,100,,0,1.4,6.2,34,58.4,,,92.4,,100,,0.4,1,4.5,32.7,61.3,,,94,,100,85,0.6,1.6,6.9,31.7,59.1,,,90.8,,100,57,0,1,7.1,31.3,60.6,,,91.9,0,0,74,0.3,1.3,6.6,35.5,56.2,,,91.7,0,0,66,0.3,1.6,8.5,37.1,52.5,,,89.6,0,0
4.국가,20.필리핀,,0.2,0.9,5.5,19.1,74.4,4.7,91.7,,,,175,0.6,1.7,4.6,11.4,81.7,,,93.1,,100,20,0,0,10,10,80,,,90,,100,3,0,0,0,100,0,,,100,,100,,0.1,0.7,3.3,20.2,75.7,,,95.9,,100,,0,0.2,5.2,26.5,68,,,94.5,,100,284,0,0.3,3.8,25.7,70.2,,,95.9,,100,0,0,0,0,0,0,,,0,0,0,0,0,0,0,0,0,,,0,0,0,0,0,0,0,0,0,,,0,0,0
4.국가,21.인도네시아,,0,0.5,5.1,31,63.4,4.6,89.3,,,,417,0.2,0.7,4.3,19.4,75.3,,,94.7,,100,33,0,0,3,3,93.9,,,97,,100,1,0,0,0,0,100,,,100,,100,,0,0.2,6.4,39,54.4,,,93.4,,100,,0.4,0.4,9.2,42.6,47.4,,,90,,100,195,0.2,1.9,24.4,47.8,25.6,,,73.4,,100,0,0,0,0,0,0,,,0,0,0,0,0,0,0,0,0,,,0,0,0,0,0,0,0,0,0,,,0,0,0
4.국가,22.베트남,,0,0.5,5.8,20.5,73.2,4.7,91.6,,,,125,0,1.6,1.6,19.2,77.6,,,96.8,,100,5,0,0,0,0,100,,,100,,100,1,0,0,0,0,100,,,100,,100,,1,1.2,6.1,32,59.7,,,91.7,,100,,0.1,0.6,8.8,54.6,35.9,,,90.5,,100,332,0,0.6,7.1,63.6,28.7,,,92.2,,100,0,0,0,0,0,0,,,0,0,0,0,0,0,0,0,0,,,0,0,0,0,0,0,0,0,0,,,0,0,0
4.국가,23.몽골,,0,0,2.1,17.4,80.6,4.8,94.6,,,,31,0,0,6.5,19.4,74.2,,,93.5,,100,11,0,0,0,45.5,54.5,,,100,,100,,,,,,,,,,,,,0,0.7,9.5,44.1,45.7,,,89.7,,100,,0,0.5,10.6,47.3,41.5,,,88.8,,100,,,,,,,,,,,,0,0,0,0,0,0,,,0,0,0,0,0,0,0,0,0,,,0,0,0,0,0,0,0,0,0,,,0,0,0
4.국가,24.기타,,1.5,3.5,9.4,27.6,58.1,4.4,84.4,,,,"2,657.00",1.7,3,9.7,19.7,65.8,,,85.5,,100,663,0.5,1.7,8.6,19.8,69.5,,,89.3,,100,63,0,1.6,20.6,20.6,57.1,,,77.8,,100,,1.3,3.8,10.2,35.1,49.7,,,84.7,,100,,1.1,3.2,13.9,37.2,44.6,,,81.8,,100,787,1.8,3.8,14.5,32.1,47.9,,,79.9,,100,944,1.2,1.8,9.6,30.3,57.1,,,87.4,0,0,"1,098.00",0.4,1.3,9.6,41.9,46.8,,,88.7,0,0,930,0.5,2.2,11.6,38.3,47.4,,,85.7,0,0
5.성별,1.남성,,0.3,1.4,8.7,32.3,57.4,4.5,86.3,,,,"8,249.00",0.6,2.2,8,23.7,65.6,,,89.3,,100,"2,775.00",0.4,2.4,10.6,27.9,58.7,,,86.6,,100,412,0.7,3.9,21.4,32.3,41.7,,,74,,100,,0.6,2.5,13.4,44.7,38.8,,,83.5,,100,,0.7,2.8,13.5,47.2,35.7,,,83,,100,"6,217.00",0.5,2.5,12.8,48,36.2,,,84.2,,100,"4,960.00",0.3,2.6,14.1,49.3,33.8,,,83,0,0,"5,747.00",0.3,2.5,11.6,49.4,36.1,,,85.5,0,0,"5,368.00",0.3,2.8,13.6,55.6,27.8,,,83.4,0,0
5.성별,2.여성,,0.2,1,4.9,26.1,67.8,4.6,90.1,,,,"8,276.00",0.7,2,5.5,18,73.8,,,91.8,,100,"1,201.00",1,1.7,5.1,23.5,68.8,,,92.3,,100,105,1,1,8.6,34.3,55.2,,,89.5,,100,,0.6,2.8,11.1,46.2,39.4,,,85.6,,100,,0.8,2.6,11.2,47.4,38,,,85.5,,100,"7,624.00",0.4,2.5,10.2,47.7,39.2,,,87,,100,"7,043.00",0.3,3,11.9,48.8,36.1,,,84.9,0,0,"7,135.00",0.3,2.7,11.3,48.9,36.8,,,85.7,0,0,"6,656.00",0.2,2.2,10.5,59.4,27.6,,,87.1,0,0
6.연령,1.15~19세,,0.8,1.3,5.3,26.3,66.3,4.6,89,,,,,,,,,,,,,,,,,,,,,,,,,,2,0,0,0,0,100,,,100,,100,,,,,,,,,,,,,,,,,,,,,,,,,,,,,,,,,,,,,,,,,,,,,,,,,,,,,,,,,,,,,,,,,,
6.연령,2.20대,,0.2,1.4,5.3,26.2,66.8,4.6,89.5,,,,,,,,,,,,,,,,,,,,,,,,,,78,1.3,1.3,6.4,42.3,48.7,,,91,,100,,,,,,,,,,,,,,,,,,,,,,,,,,,,,,,,,,,,,,,,,,,,,,,,,,,,,,,,,,,,,,,,,,
6.연령,3.30대,,0.2,1,6,30.1,62.6,4.5,88.5,,,,,,,,,,,,,,,,,,,,,,,,,,176,1.1,3.4,17.6,39.8,38.1,,,77.8,,100,,,,,,,,,,,,,,,,,,,,,,,,,,,,,,,,,,,,,,,,,,,,,,,,,,,,,,,,,,,,,,,,,,
6.연령,4.40대,,0.3,0.7,7.3,31.6,60.1,4.5,87.6,,,,,,,,,,,,,,,,,,,,,,,,,,149,0,4,28.9,29.5,37.6,,,67.1,,100,,,,,,,,,,,,,,,,,,,,,,,,,,,,,,,,,,,,,,,,,,,,,,,,,,,,,,,,,,,,,,,,,,
6.연령,5.50대,,0.1,1.1,7.5,28.2,63.2,4.5,88.3,,,,,,,,,,,,,,,,,,,,,,,,,,89,1.1,3.4,18,22.5,55.1,,,77.5,,100,,,,,,,,,,,,,,,,,,,,,,,,,,,,,,,,,,,,,,,,,,,,,,,,,,,,,,,,,,,,,,,,,,
6.연령,6.60대 이상,,0.7,2.1,7.8,27.9,61.5,4.5,86.8,,,,,,,,,,,,,,,,,,,,,,,,,,23,0,4.3,8.7,8.7,78.3,,,87,,100,,,,,,,,,,,,,,,,,,,,,,,,,,,,,,,,,,,,,,,,,,,,,,,,,,,,,,,,,,,,,,,,,,
6.연령,7.15~20세,,,,,,,,,,,,746,0.4,1.9,5.6,19.4,72.7,,,92.1,,100,167,0.6,1.2,7.8,18.6,71.9,,,90.4,,100,,,,,,,,,,,,,0.2,1.5,10.1,37.1,51.1,,,88.2,,100,,0.7,2.5,9.4,41.5,45.9,,,87.4,,100,953,0.3,3.5,10.6,44.1,41.6,,,85.7,,100,730,0.3,3.4,13,48.5,34.8,,,83.3,0,0,666,0.4,2.1,14.5,43.8,39.1,,,82.9,0,0,702,0.5,3.9,11.6,52.4,31.6,,,84,0,0
6.연령,8.21~30세,,,,,,,,,,,,"5,758.00",0.9,2.7,7.3,19,70.1,,,89.1,,100,"1,154.00",0.7,2.9,7.9,30,58.6,,,88.6,,100,,,,,,,,,,,,,0.4,2.6,11.5,45.4,40.1,,,85.6,,100,,1.2,3.1,12.1,46.1,37.4,,,83.6,,100,"5,655.00",0.3,2.4,11.7,48.4,37.3,,,85.6,,100,"5,231.00",0.2,2.6,13.8,49.8,33.6,,,83.4,0,0,"5,076.00",0.3,2.8,10.4,50.2,36.4,,,86.5,0,0,"4,560.00",0.3,2.6,9.8,61.8,25.4,,,87.2,0,0
6.연령,9.31~40세,,,,,,,,,,,,"4,356.00",0.6,2,7.2,22.8,67.5,,,90.2,,100,"1,165.00",0.6,2.2,10.6,28.5,58,,,86.5,,100,,,,,,,,,,,,,0.7,2.1,12.4,46.4,38.5,,,84.8,,100,,0.5,2.5,11.7,50.5,34.9,,,85.4,,100,"3,429.00",0.5,2.2,11.7,50.2,35.4,,,85.6,,100,"3,286.00",0.3,3.1,11.3,50.6,34.7,,,85.4,0,0,"3,487.00",0.4,2.7,9.5,51.9,35.6,,,87.5,0,0,"3,282.00",0.2,1.9,12.1,60.1,25.8,,,85.8,0,0
6.연령,10.41~50세,,,,,,,,,,,,"2,949.00",0.3,1.4,6.2,22,70.1,,,92.1,,100,761,0.4,1.7,9.7,25.9,62.3,,,88.2,,100,,,,,,,,,,,,,0.8,3.1,12,46,38.1,,,84.1,,100,,0.7,2,13.7,47.1,36.5,,,83.6,,100,"2,128.00",0.7,2.4,11.1,46.1,39.7,,,85.9,,100,"1,581.00",0.5,2,12.1,47.5,37.9,,,85.4,0,0,"1,972.00",0.2,2.4,14.4,46.7,36.3,,,83,0,0,"1,813.00",0.3,2.2,13.9,52.6,31,,,83.6,0,0
6.연령,11.51~60세,,,,,,,,,,,,"2,005.00",0.5,1.4,5.5,20.9,71.6,,,92.5,,100,550,0.5,1.8,7.6,22,68,,,90,,100,,,,,,,,,,,,,0.5,3.1,12.2,47,37.1,,,84.2,,100,,0.4,2.9,12.5,48.1,36.2,,,84.3,,100,"1,217.00",0.1,3,9.7,47.7,39.6,,,87.2,,100,859,0.2,2.6,13.3,44.1,39.8,,,83.9,0,0,"1,158.00",0.3,1.9,15.2,43.6,39.1,,,82.7,0,0,"1,203.00",0.1,2.4,14.8,50,32.7,,,82.7,0,0
6.연령,12.61세 이상,,,,,,,,,,,,711,1.3,2.7,6,19.8,70.2,,,90,,100,179,0.6,1.7,6.1,16.8,74.9,,,91.6,,100,,,,,,,,,,,,,1.6,4,14.6,42.5,37.3,,,79.8,,100,,0.4,3.3,10.8,43.8,41.7,,,85.5,,100,444,0.5,4.6,11.9,39.6,43.4,,,83,,100,287,1.6,6.9,14.7,37.1,39.7,,,76.8,0,0,491,0.5,3.5,11.4,48.8,35.8,,,84.6,0,0,424,0.2,4.5,14.4,47.7,33.1,,,80.9,0,0
6.연령,13.모름/무응답,,,,,,,,,,,,,,,,,,,,,,,,,,,,,,,,,,,,,,,,,,,,,,,,,,,,,,,,,,,,,,,,,,,15,0,0,16.1,51,32.9,,,83.9,,100,29,0,3.7,10.5,58.6,27.3,,,85.9,0,0,31,0,1.9,12.2,58.5,27.4,,,85.9,0,0,40,0,0,19.8,56.4,23.8,,,80.2,0,0
7.방한목적,1.여가/위락/휴식,,0.2,1.1,6.2,29.5,63,4.5,88.5,,,,"7,256.00",0.9,2.7,6.2,18.6,71.6,,,90.2,,100,270,1.5,1.5,4.4,26.3,66.3,,,92.6,,100,9,0,0,11.1,44.4,44.4,,,88.9,,100,,0.7,2.8,11.7,47.1,37.7,,,84.8,,100,,0.8,2.6,11.2,48.5,36.8,,,85.4,,100,"7,182.00",0.4,2.8,12,49.9,35,,,84.9,,100,"7,180.00",0.2,3.1,14.7,51.2,30.8,,,82,0,0,"7,293.00",0.3,2.8,12.8,53.4,30.8,,,84.2,0,0,"6,982.00",0.2,2.5,13.3,63.2,20.9,,,84.1,0,0
7.방한목적,2.친구/친지방문,,0.1,1.1,4.2,19,75.5,4.7,92.1,,,,"2,332.00",0.9,2.1,5.3,14,77.6,,,91.6,,100,658,0.6,1.5,3.3,16.9,77.7,,,94.5,,100,80,0,0,1.3,21.3,77.5,,,98.8,,100,,0.3,1.5,7.5,42.4,48.3,,,90.7,,100,,,,,,,,,,,,"1,388.00",0.6,2.5,9.2,41.8,45.9,,,87.7,,100,888,0.7,2.2,8.8,37.4,50.9,,,88.3,0,0,"1,177.00",0.6,2.8,8.9,38.2,49.5,,,87.7,0,0,785,0.7,2.8,7.9,41.7,46.8,,,88.5,0,0
7.방한목적,3.사업 또는 전문 활동,,0.2,1.1,9.3,34.4,54.9,4.4,85.7,,,,"5,699.00",0.3,1.4,7.9,26.6,63.9,,,90.4,,100,"2,481.00",0.4,2.4,11.4,28.9,56.9,,,85.8,,100,398,1,4,23.1,33.2,38.7,,,71.9,,100,,0.4,2.9,15.9,42.6,38.1,,,80.7,,100,,0.4,3.2,16,43.5,36.9,,,80.3,,100,"2,631.00",0.5,2.9,13.4,43.1,40.1,,,83.2,,100,"1,797.00",0.6,3.2,10.6,44.3,41.2,,,85.6,0,0,"2,413.00",0.4,2.5,9.6,45,42.4,,,87.4,0,0,"2,387.00",0.3,2.9,11.8,45.5,39.4,,,85,0,0
7.방한목적,4.교육,,0.4,2,4.6,25.4,67.6,4.6,89.5,,,,825,0.4,2.2,7.8,20.4,69.3,,,89.7,,100,458,0.7,2.2,7,29.3,60.9,,,90.2,,100,28,0,3.6,10.7,57.1,28.6,,,85.7,,100,,0.3,1.2,14.7,38.9,44.8,,,83.7,,100,,0.4,1.5,14.2,42.6,41.2,,,83.8,,100,799,0.8,3.2,11.5,47.1,37.4,,,84.5,,100,480,0.1,1.5,10,37.4,50.9,,,88.3,0,0,470,0.7,0.9,10.1,38,50.2,,,88.2,0,0,429,0.7,2.5,9.3,49.2,38.3,,,87.6,0,0
7.방한목적,5.기타,,1.9,2.3,6.1,22.2,67.6,4.5,87.8,,,,382,0.3,1.3,5.5,20.2,72.8,,,92.9,,100,101,2,3,5.9,22.8,66.3,,,89.1,,100,2,0,0,0,0,100,,,100,,100,,0.2,5.6,13.2,43.7,37.2,,,81,,100,,2.8,13.7,20,27.5,36,,,63.5,,100,39,0,0,14.3,26.8,58.9,,,85.7,,100,11,0,0,17.9,28.5,53.5,,,82.1,0,0,5,0,22.9,0,37,40.1,,,77.1,0,0,6,0,0,0,27,73,,,100,0,0
7.방한목적,6.종교및순례,,,,,,,,,,,,31,3.2,3.2,3.2,19.4,71,,,90.3,,100,8,0,0,12.5,12.5,75,,,87.5,,100,,,,,,,,,,,,,0,3.5,2.9,49.4,44.2,,,93.5,,100,,5.5,3.5,13.4,27,50.7,,,77.6,,100,64,0,2.3,4.9,47,45.8,,,92.8,,100,51,1.4,1.5,12.1,40.8,44.3,,,85.1,0,0,89,0,3.1,22.5,47.4,26.9,,,74.3,0,0,111,0,0,4.6,70.2,25.2,,,95.4,0,0
7.방한목적,7.뷰티/건강/치료,,,,,,,,,,,,,,,,,,,,,,,,,,,,,,,,,,,,,,,,,,,,,,,,,,,,,,,,,,,,,,,,,,,171,0,0,12.2,47.4,40.4,,,87.8,,100,75,0,1.3,6.3,39,53.4,,,92.4,0,0,140,0,2.8,9.1,42.8,45.3,,,88,0,0,122,0,0.7,8,70.2,21.1,,,91.3,0,0
7.방한목적,8.쇼핑,,,,,,,,,,,,,,,,,,,,,,,,,,,,,,,,,,,,,,,,,,,,,,,,,,,,,,,,,,,,,,,,,,,"1,566.00",0.2,0.8,6.9,52.7,39.5,,,92.2,,100,"1,521.00",0,1.8,10.2,55.3,32.7,,,88,0,0,"1,294.00",0,2.2,9.7,47.8,40.3,,,88,0,0,"1,201.00",0.1,1.7,8.5,61.3,28.4,,,89.7,0,0
8.방한횟수,1.1회,,0.4,1.9,8.5,30.4,58.7,4.5,86.3,,,,"7,602.00",1.2,3.5,9.6,22,63.7,,,85.7,,100,"1,404.00",1,2.9,10,25.6,60.5,,,86,,100,129,0,2.3,14.7,39.5,43.4,,,82.9,,100,,0.9,4.1,14.6,47,33.3,,,80.3,,100,,1.2,3.8,14.4,47.5,33,,,80.5,,100,"6,471.00",0.5,3.4,13.7,49.2,33.2,,,82.3,,100,"7,375.00",0.4,3.5,15.8,49.4,30.8,,,80.3,0,0,"6,949.00",0.4,3.4,14.5,52.5,29.3,,,81.7,0,0,"7,832.00",0.3,2.9,14.2,61.5,21,,,82.5,0,0
8.방한횟수,2.2회,,0.2,0.9,4.9,31.1,62.9,4.6,88.9,,,,"2,878.00",0.3,1.3,6.3,23.2,68.9,,,92.2,,100,739,0.3,2.8,11,28.6,57.4,,,85.9,,100,100,1,4,25,30,40,,,70,,100,,0.5,2.2,12.5,47.4,37.4,,,84.9,,100,,0.7,2.1,12.1,50.9,34.3,,,85.2,,100,"2,474.00",0.5,2,10.3,52.1,35.2,,,87.3,,100,"1,522.00",0.2,2.1,10.2,53.3,34.2,,,87.5,0,0,"2,097.00",0.4,1.5,10.8,50.3,37.1,,,87.4,0,0,"1,551.00",0.3,2.2,10,56.9,30.6,,,87.5,0,0
8.방한횟수,3.3회,,0.1,0.2,4.7,28.8,66.2,4.6,90.2,,,,"1,640.00",0.2,0.8,4.8,21.1,73.1,,,94.2,,100,407,0.2,2,8.4,27,62.4,,,89.4,,100,59,1.7,3.4,18.6,28.8,47.5,,,76.3,,100,,0.5,1.1,10,51.4,37,,,88.4,,100,,0,1.9,9.1,51.3,37.7,,,89,,100,"1,315.00",0.3,2.1,11,51.5,35.2,,,86.7,,100,802,0.1,2,11.3,52.3,34.4,,,86.7,0,0,"1,015.00",0,3.1,9.5,45.8,41.5,,,87.3,0,0,794,0,1.3,8.3,54.3,36,,,90.3,0,0
8.방한횟수,4.4회 이상,,0.1,0.5,4.7,24.1,70.6,4.6,91.1,,,,"4,405.00",0.1,0.7,2.7,17.2,79.3,,,96.5,,100,"1,426.00",0.4,1.2,6.9,26.4,65,,,91.4,,100,229,0.9,3.5,18.3,31,46.3,,,77.3,,100,,0.3,1.5,8.9,40.3,49.1,,,89.4,,100,,0.3,1.8,10.1,43.4,44.4,,,87.8,,100,"3,581.00",0.2,1.4,8,41.2,49.2,,,90.5,,100,"2,304.00",0.3,1.3,5.4,43.4,49.7,,,93.1,0,0,"2,821.00",0.2,1.3,5.2,41.3,52,,,93.3,0,0,"1,848.00",0.1,1.2,4.9,43.6,50.2,,,93.7,0,0
9.여행형태,1.개별여행,,0.3,1.1,6,28,64.5,4.6,88.8,,,,,,,,,,,,,,,,,,,,,,,,,,,,,,,,,,,,,,0.4,2.3,11.7,44.9,40.7,,,85.6,,100,,0.6,2.4,11.9,47.5,37.6,,,85.1,,100,"11,462.00",0.4,2.4,11.1,47.2,38.8,,,86,,100,"8,084.00",0.4,2.5,11.4,46,39.7,,,85.6,0,0,"8,749.00",0.3,2.2,10.1,46.3,41.1,,,87.4,0,0,"8,285.00",0.3,2.3,11.8,55.2,30.5,,,85.6,0,0
9.여행형태,2.에어텔,,0,1.3,6.5,27.9,64.3,4.6,88.8,,,,,,,,,,,,,,,,,,,,,,,,,,,,,,,,,,,,,,1,3.3,10.4,38.8,46.4,,,85.2,,100,,2.4,7,13.5,37.6,39.6,,,77.2,,100,773,0.7,4.8,11.7,39.9,43,,,82.8,,100,917,0.1,1.6,10.3,52.4,35.5,,,87.9,0,0,758,0,1.7,7.8,51.4,39,,,90.4,0,0,741,0.4,2.2,7.8,55,34.5,,,89.5,0,0
9.여행형태,3.단체여행,,0,1.3,9.8,34.5,54.4,4.4,85.5,,,,,,,,,,,,,,,,,,,,,,,,,,,,,,,,,,,,,,1,4.2,14.8,52.5,27.4,,,79.9,,100,,0.4,2.2,13.3,52.5,31.6,,,84.1,,100,"1,606.00",0.1,2,13,56.4,28.5,,,84.9,,100,"3,002.00",0.1,3.9,17.3,56,22.7,,,78.7,0,0,"3,375.00",0.3,3.8,15.8,56,24,,,80.1,0,0,"2,998.00",0.2,2.9,13.2,65.4,18.4,,,83.8,0,0
10.입국과정,1.자가격리포함,,,,,,,,,,,,,,,,,,,,,,,"1,849.00",0.5,2.7,9.4,30.2,57.3,,,87.5,,100,,,,,,,,,,,,,,,,,,,,,,,,,,,,,,,,,,,,,,,,,,,,,,,,,,,,,,,,,,,,,,,,,,,,,,,,,,,,,
10.입국과정,2.자가격리미포함,,,,,,,,,,,,,,,,,,,,,,,"2,127.00",0.7,1.8,8.6,23.4,65.6,,,89,,100,,,,,,,,,,,,,,,,,,,,,,,,,,,,,,,,,,,,,,,,,,,,,,,,,,,,,,,,,,,,,,,,,,,,,,,,,,,,,
11.직업,"1.공무원, 군인",,,,,,,,,,,,,,,,,,,,,,,,,,,,,,,,,,,,,,,,,,,,,,,,,,,,,,,,,,,,,,,,,,,628,1.3,3.5,14.7,41.1,39.4,,,80.5,,100,505,0.5,2.4,12.9,53.1,31.1,,,84.2,0,0,709,0.2,3.7,10.6,49.4,36.1,,,85.5,0,0,636,0.4,2.5,8.5,56.8,31.8,,,88.5,0,0
11.직업,"2.기업인, 경영직",,,,,,,,,,,,,,,,,,,,,,,,,,,,,,,,,,,,,,,,,,,,,,,,,,,,,,,,,,,,,,,,,,,"1,464.00",0.5,1.8,9.1,41.8,46.8,,,88.6,,100,"1,156.00",0.4,3,9.8,42,44.7,,,86.8,0,0,"1,327.00",0.4,1.3,7.8,42.2,48.2,,,90.5,0,0,"1,309.00",0.1,1.8,9.8,46.2,42.1,,,88.3,0,0
11.직업,"3.사무,기술직",,,,,,,,,,,,,,,,,,,,,,,,,,,,,,,,,,,,,,,,,,,,,,,,,,,,,,,,,,,,,,,,,,,"2,543.00",0.5,3.2,12.9,48.3,35.1,,,83.4,,100,"2,434.00",0.1,2.3,12.8,54.7,30,,,84.7,0,0,"2,733.00",0.1,3,11.8,55,30,,,85.1,0,0,"2,546.00",0.3,2.8,12.2,63.6,21.1,,,84.7,0,0
11.직업,"4.판매, 서비스직",,,,,,,,,,,,,,,,,,,,,,,,,,,,,,,,,,,,,,,,,,,,,,,,,,,,,,,,,,,,,,,,,,,"1,611.00",0.1,1.6,9.7,51.5,37,,,88.5,,100,"1,423.00",0.2,2,12.9,53.2,31.6,,,84.9,0,0,"1,511.00",0.6,2,12,49.7,35.7,,,85.3,0,0,"1,484.00",0.1,2,10.5,64.4,23,,,87.4,0,0
11.직업,5.전문직,,,,,,,,,,,,,,,,,,,,,,,,,,,,,,,,,,,,,,,,,,,,,,,,,,,,,,,,,,,,,,,,,,,"1,312.00",0.5,3.2,12.6,40.4,43.3,,,83.7,,100,"1,118.00",0.4,3.7,14.1,43.9,37.8,,,81.8,0,0,"1,102.00",0.2,4.1,9.5,47.3,38.8,,,86.1,0,0,"1,207.00",0.4,3.2,14.6,49.9,31.9,,,81.8,0,0
11.직업,6.생산/기능/노무,,,,,,,,,,,,,,,,,,,,,,,,,,,,,,,,,,,,,,,,,,,,,,,,,,,,,,,,,,,,,,,,,,,563,0.1,2.3,13.5,55.3,28.8,,,84.1,,100,422,0,2.8,16.6,56.3,24.4,,,80.7,0,0,504,0.4,2.2,24.6,46.4,26.4,,,72.8,0,0,524,0,1.7,25.3,54,19.1,,,73,0,0
11.직업,7.자영업자,,,,,,,,,,,,,,,,,,,,,,,,,,,,,,,,,,,,,,,,,,,,,,,,,,,,,,,,,,,,,,,,,,,"1,635.00",0.3,2.3,8.6,54.6,34.2,,,88.8,,100,"1,198.00",0.4,2.3,11,49.7,36.6,,,86.3,0,0,"1,450.00",0.2,2.1,9.5,48.7,39.5,,,88.2,0,0,949,0,1.9,9.6,58.5,30,,,88.5,0,0
11.직업,8.학생,,,,,,,,,,,,,,,,,,,,,,,,,,,,,,,,,,,,,,,,,,,,,,,,,,,,,,,,,,,,,,,,,,,"2,269.00",0.4,2.6,11.5,45.8,39.7,,,85.5,,100,"1,927.00",0.2,3.1,14.1,45.5,37.1,,,82.6,0,0,"1,599.00",0.4,1.7,11.3,47.4,39.2,,,86.6,0,0,"1,884.00",0.6,2.8,10.1,58.8,27.8,,,86.6,0,0
11.직업,9.주부,,,,,,,,,,,,,,,,,,,,,,,,,,,,,,,,,,,,,,,,,,,,,,,,,,,,,,,,,,,,,,,,,,,647,0,1,9.9,55.8,33.3,,,89,,100,557,0.3,2,12.4,44.1,41.2,,,85.3,0,0,552,0.4,1.9,11.9,48.9,37,,,85.8,0,0,456,0.1,1.9,10.1,55,32.8,,,87.9,0,0
11.직업,10.은퇴자,,,,,,,,,,,,,,,,,,,,,,,,,,,,,,,,,,,,,,,,,,,,,,,,,,,,,,,,,,,,,,,,,,,151,0.9,3,15.4,51,29.6,,,80.6,,100,141,1.1,8.3,8.2,39.7,42.7,,,82.4,0,0,293,0.7,5.2,13.8,50,30.3,,,80.3,0,0,199,0.1,2.2,16.5,63.3,17.9,,,81.2,0,0
11.직업,11.무직,,,,,,,,,,,,,,,,,,,,,,,,,,,,,,,,,,,,,,,,,,,,,,,,,,,,,,,,,,,,,,,,,,,256,0,4.5,13.3,43.8,38.5,,,82.3,,100,224,0.6,2.5,13.8,50.9,32.3,,,83.1,0,0,258,0.1,3.1,13,46,37.7,,,83.7,0,0,181,0,0.9,13.8,52.7,32.6,,,85.2,0,0
11.직업,12.기타,,,,,,,,,,,,,,,,,,,,,,,,,,,,,,,,,,,,,,,,,,,,,,,,,,,,,,,,,,,,,,,,,,,721,0.6,2.2,12.3,49,35.8,,,84.9,,100,889,0.6,3.9,13.4,46.6,35.5,,,82.1,0,0,783,0.2,3.4,13.4,48.1,34.9,,,83,0,0,629,0.2,3.7,12.7,58.5,24.9,,,83.4,0,0
11.직업,13.무응답,,,,,,,,,,,,,,,,,,,,,,,,,,,,,,,,,,,,,,,,,,,,,,,,,,,,,,,,,,,,,,,,,,,42,0,2.4,18,49.8,29.7,,,79.6,,100,10,0,21.4,7.7,33.3,37.5,,,70.9,0,0,62,0,6.8,2.1,55.7,35.3,,,91.1,0,0,19,0,0,34.2,38.9,26.9,,,65.8,0,0
