"소재지(시군구)별(1)","시점",계,계,공연장,공연장,박물관,박물관,미술관,미술관,과학관,과학관,문화산업단지,문화산업단지,문화산업진흥시설,문화산업진흥시설,지방문화원,지방문화원,문화예술진흥시설,문화예술진흥시설,전시시설,전시시설,국제회의시설,국제회의시설,공공도서관,공공도서관,전문도서관,전문도서관
"소재지(시군구)별(1)","시점",시설수 (개),면적 (㎡),시설수 (개),면적 (㎡),시설수 (개),면적 (㎡),시설수 (개),면적 (㎡),시설수 (개),면적 (㎡),시설수 (개),면적 (㎡),시설수 (개),면적 (㎡),시설수 (개),면적 (㎡),시설수 (개),면적 (㎡),시설수 (개),면적 (㎡),시설수 (개),면적 (㎡),시설수 (개),면적 (㎡),시설수 (개),면적 (㎡)
"전국","2005",217,5265770,28,464098,27,784367,10,212871,1,238909,1,63820,7,124023,10,47740,133,3329942,-,-,-,-,-,-,-,-
"전국","2006",257,5802980,30,547452,31,892946,15,219408,1,238909,1,63820,7,124023,12,57318,160,3659104,-,-,-,-,-,-,-,-
"전국","2007",284,7038276,30,409103,32,1025552,15,256800,1,238909,1,63820,4,41152,10,47740,191,4955200,-,-,-,-,-,-,-,-
"전국","2008",338,9001116,21,344149,33,841919,16,255284,2,254240,1,63820,1,98000,7,30798,257,7112906,-,-,-,-,-,-,-,-
"전국","2009",418,10353758,19,336935,35,1081298,18,271306,3,256127,1,63820,0,0,8,43497,334,8300775,-,-,-,-,-,-,-,-
"전국","2010",483,13960458,20,350899,31,1226737,16,224205,2,254240,1,63820,0,0,7,41180,406,11799377,-,-,-,-,-,-,-,-
"전국","2011",521,15095034,20,346751,35,1433829,16,220768,2,265676,1,63820,0,0,6,36680,441,12727510,-,-,-,-,-,-,-,-
"전국","2012",569,16292140,19,314772,39,1971983,16,220544,3,308811,0,0,0,0,6,29171,486,13446859,-,-,-,-,-,-,-,-
"전국","2013",591,17448191,18,295173,40,2021009,16,227017,4,607568,0,0,0,0,6,29171,507,14268253,-,-,-,-,-,-,-,-
"전국","2014",623,18303884,19,315582,41,2027443,16,226362,4,596132,0,0,0,0,6,29171,537,15109194,-,-,-,-,-,-,-,-
"전국","2015",634,18604780,4,596132,0,0,19,332977,43,2211122,16,226362,0,0,6,23770,546,15214417,-,-,-,-,-,-,-,-
"전국","2016",891,20242079,4,596132,0,0,18,319394,39,2184323,16,226362,0,0,7,27557,586,15891081,0,0,0,0,221,997230,0,0
"전국","2017",944,20553953,4,607568,0,0,20,337926,40,2242666,16,225149,0,0,7,27557,631,16102199,0,0,0,0,226,1010888,0,0
"전국","2018",987,21149891,4,607568,-,-,20,337926,42,2291379,17,253773,-,-,7,27557,666,16600003,-,-,-,-,231,1031685,-,-
"전국","2019",1011,21844503,4,607568,-,-,20,338473,42,2336118,18,283418,-,-,8,28387,684,17174967,-,-,-,-,235,1075572,-,-
"전국","2020",1055,24506055,5,631262,-,-,23,371260,55,3158088,18,282080,6,196829,14,139446,687,18560542,2,4047,-,-,245,1162501,-,-
"전국","2021",1087,25154939,6,660830,-,-,23,355041,58,3205872,18,281989,12,456195,15,136010,699,18580473,5,88198,-,-,251,1390331,-,-
"전국","2022",1128,25595320,6,660830,-,-,26,385468,61,3329421,19,288911,8,431194,17,139938,723,18680473,6,195740,-,-,262,1483345,-,-
"전국","2023",1161,25841062,6,660830,-,-,29,455627,62,3329603,19,288911,10,449647,17,139938,741,18761216,10,221534,-,-,267,1533756,-,-
"서울특별시","2005",11,264240,1,1894,0,0,1,3536,0,0,0,0,1,8027,1,8466,7,242317,-,-,-,-,-,-,-,-
"서울특별시","2006",15,334515,2,5430,0,0,1,3536,0,0,0,0,1,8027,3,18044,8,299478,-,-,-,-,-,-,-,-
"서울특별시","2007",22,342088,3,5844,0,0,1,3536,0,0,0,0,1,8027,1,8466,16,316215,-,-,-,-,-,-,-,-
"서울특별시","2008",22,430897,2,70633,0,0,1,4065,0,0,0,0,0,0,0,0,19,356199,-,-,-,-,-,-,-,-
"서울특별시","2009",35,475121,2,70633,0,0,1,4065,0,0,0,0,0,0,0,0,32,400423,-,-,-,-,-,-,-,-
"서울특별시","2010",51,506763,2,70633,0,0,1,4065,0,0,0,0,0,0,0,0,48,432065,-,-,-,-,-,-,-,-
"서울특별시","2011",54,582874,2,70633,0,0,1,4065,0,0,0,0,0,0,0,0,51,508176,-,-,-,-,-,-,-,-
"서울특별시","2012",57,602177,2,70633,0,0,1,4065,0,0,0,0,0,0,0,0,54,527479,-,-,-,-,-,-,-,-
"서울특별시","2013",60,570740,2,70633,0,0,1,4065,0,0,0,0,0,0,0,0,57,496042,-,-,-,-,-,-,-,-
"서울특별시","2014",57,567329,2,70633,0,0,1,4065,0,0,0,0,0,0,0,0,54,492631,-,-,-,-,-,-,-,-
"서울특별시","2015",57,567329,0,0,0,0,2,70633,0,0,1,4065,0,0,0,0,54,492631,-,-,-,-,-,-,-,-
"서울특별시","2016",96,673179,0,0,0,0,2,70633,0,0,1,4065,0,0,0,0,57,498908,0,0,0,0,36,99573,0,0
"서울특별시","2017",107,692343,0,0,0,0,2,70633,0,0,1,4065,0,0,0,0,67,521270,0,0,0,0,37,96375,0,0
"서울특별시","2018",111,739722,-,-,-,-,2,70633,-,-,1,4065,-,-,-,-,70,567388,-,-,-,-,38,97636,-,-
"서울특별시","2019",115,757644,-,-,-,-,2,70633,-,-,1,4065,-,-,-,-,74,585310,-,-,-,-,38,97636,-,-
"서울특별시","2020",120,850497,-,-,-,-,2,70633,-,-,1,4065,2,88150,-,-,76,589204,-,-,-,-,39,98445,-,-
"서울특별시","2021",121,852331,-,-,-,-,2,70633,1,2275,1,4065,2,88150,-,-,74,585687,-,-,-,-,41,101521,-,-
"서울특별시","2022",126,988918,-,-,-,-,2,70633,1,2275,2,10035,2,88150,-,-,75,691878,-,-,-,-,44,125947,-,-
"서울특별시","2023",128,998429,-,-,-,-,2,70633,1,2275,2,10035,2,88150,-,-,77,701389,-,-,-,-,44,125947,-,-
"부산광역시","2005",9,187952,1,15923,0,0,1,16800,0,0,0,0,0,0,0,0,7,155229,-,-,-,-,-,-,-,-
"부산광역시","2006",10,199851,1,15923,0,0,1,16800,0,0,0,0,0,0,0,0,8,167128,-,-,-,-,-,-,-,-
"부산광역시","2007",11,201191,1,15923,0,0,1,16800,0,0,0,0,0,0,0,0,9,168468,-,-,-,-,-,-,-,-
"부산광역시","2008",11,201188,1,15922,0,0,1,16800,0,0,0,0,0,0,0,0,9,168466,-,-,-,-,-,-,-,-
"부산광역시","2009",14,203150,1,15922,0,0,1,16800,0,0,0,0,0,0,0,0,12,170428,-,-,-,-,-,-,-,-
"부산광역시","2010",14,203150,1,15922,0,0,1,16800,0,0,0,0,0,0,0,0,12,170428,-,-,-,-,-,-,-,-
"부산광역시","2011",14,315507,1,15922,0,0,1,16800,0,0,0,0,0,0,0,0,12,282785,-,-,-,-,-,-,-,-
"부산광역시","2012",15,317865,1,15922,0,0,1,16800,0,0,0,0,0,0,0,0,13,285143,-,-,-,-,-,-,-,-
"부산광역시","2013",16,320825,1,15922,0,0,1,16800,0,0,0,0,0,0,0,0,14,288103,-,-,-,-,-,-,-,-
"부산광역시","2014",16,315441,1,15922,0,0,1,16800,0,0,0,0,0,0,0,0,14,282719,-,-,-,-,-,-,-,-
"부산광역시","2015",16,315441,0,0,0,0,1,15922,0,0,1,16800,0,0,0,0,14,282719,-,-,-,-,-,-,-,-
"부산광역시","2016",34,378560,0,0,0,0,1,15922,0,0,1,16800,0,0,0,0,19,302095,0,0,0,0,13,43743,0,0
"부산광역시","2017",37,383574,0,0,0,0,2,17784,0,0,1,16800,0,0,0,0,21,305247,0,0,0,0,13,43743,0,0
"부산광역시","2018",40,414399,-,-,-,-,2,17784,-,-,1,16800,-,-,-,-,24,336072,-,-,-,-,13,43743,-,-
"부산광역시","2019",43,438410,-,-,-,-,2,17784,-,-,1,16800,-,-,-,-,25,336966,-,-,-,-,15,66860,-,-
"부산광역시","2020",44,444277,-,-,-,-,2,17784,-,-,1,16800,-,-,-,-,26,342833,-,-,-,-,15,66860,-,-
"부산광역시","2021",44,444268,-,-,-,-,2,17784,-,-,1,16800,-,-,-,-,26,342824,-,-,-,-,15,66860,-,-
"부산광역시","2022",45,449876,-,-,-,-,2,17784,-,-,1,16800,-,-,-,-,26,342824,-,-,-,-,16,72468,-,-
"부산광역시","2023",51,480847,-,-,-,-,2,17784,-,-,1,16800,2,18490,-,-,27,343184,1,9580,-,-,18,75009,-,-
"대구광역시","2005",3,20776,0,0,0,0,0,0,0,0,0,0,0,0,0,0,3,20776,-,-,-,-,-,-,-,-
"대구광역시","2006",3,20776,0,0,0,0,0,0,0,0,0,0,0,0,0,0,3,20776,-,-,-,-,-,-,-,-
"대구광역시","2007",4,37185,0,0,0,0,0,0,0,0,0,0,0,0,0,0,4,37185,-,-,-,-,-,-,-,-
"대구광역시","2008",5,41667,0,0,0,0,0,0,0,0,0,0,0,0,0,0,5,41667,-,-,-,-,-,-,-,-
"대구광역시","2009",5,45204,0,0,0,0,0,0,0,0,0,0,0,0,0,0,5,45204,-,-,-,-,-,-,-,-
"대구광역시","2010",6,45518,0,0,0,0,0,0,0,0,0,0,0,0,0,0,6,45518,-,-,-,-,-,-,-,-
"대구광역시","2011",5,41036,0,0,0,0,0,0,0,0,0,0,0,0,0,0,5,41036,-,-,-,-,-,-,-,-
"대구광역시","2012",5,41036,0,0,0,0,0,0,0,0,0,0,0,0,0,0,5,41036,-,-,-,-,-,-,-,-
"대구광역시","2013",6,57849,0,0,0,0,0,0,0,0,0,0,0,0,0,0,6,57849,-,-,-,-,-,-,-,-
"대구광역시","2014",6,57849,0,0,0,0,0,0,0,0,0,0,0,0,0,0,6,57849,-,-,-,-,-,-,-,-
"대구광역시","2015",6,57849,0,0,0,0,0,0,0,0,0,0,0,0,0,0,6,57849,-,-,-,-,-,-,-,-
"대구광역시","2016",11,50258,0,0,0,0,0,0,0,0,0,0,0,0,0,0,5,35350,0,0,0,0,6,14908,0,0
"대구광역시","2017",12,55071,0,0,0,0,0,0,0,0,0,0,0,0,0,0,6,40163,0,0,0,0,6,14908,0,0
"대구광역시","2018",12,56705,-,-,-,-,-,-,-,-,-,-,-,-,-,-,6,40163,-,-,-,-,6,16542,-,-
"대구광역시","2019",12,56705,-,-,-,-,-,-,-,-,-,-,-,-,-,-,6,40163,-,-,-,-,6,16542,-,-
"대구광역시","2020",13,57059,-,-,-,-,-,-,-,-,-,-,-,-,-,-,7,40517,-,-,-,-,6,16542,-,-
"대구광역시","2021",13,57059,-,-,-,-,-,-,-,-,-,-,-,-,-,-,7,40517,-,-,-,-,6,16542,-,-
"대구광역시","2022",15,86372,-,-,-,-,-,-,-,-,-,-,-,-,1,1201,7,40517,-,-,-,-,7,44654,-,-
"대구광역시","2023",19,123477,-,-,-,-,-,-,-,-,-,-,-,-,1,1201,10,72093,-,-,-,-,8,50183,-,-
"인천광역시","2005",12,139333,4,43885,2,42892,0,0,0,0,0,0,0,0,0,0,6,52556,-,-,-,-,-,-,-,-
"인천광역시","2006",12,139333,4,43885,2,42892,0,0,0,0,0,0,0,0,0,0,6,52556,-,-,-,-,-,-,-,-
"인천광역시","2007",12,139333,4,43885,2,42892,0,0,0,0,0,0,0,0,0,0,6,52556,-,-,-,-,-,-,-,-
"인천광역시","2008",15,155844,2,22529,0,0,0,0,1,21706,0,0,0,0,0,0,12,111609,-,-,-,-,-,-,-,-
"인천광역시","2009",19,218364,2,22529,0,0,0,0,1,21706,0,0,0,0,1,266,15,173863,-,-,-,-,-,-,-,-
"인천광역시","2010",32,286468,2,22529,0,0,0,0,1,21706,0,0,0,0,1,266,28,241967,-,-,-,-,-,-,-,-
"인천광역시","2011",36,437706,2,22529,0,0,0,0,1,21706,0,0,0,0,1,266,32,393205,-,-,-,-,-,-,-,-
"인천광역시","2012",37,460942,2,22529,0,0,0,0,1,21706,0,0,0,0,1,266,33,416441,-,-,-,-,-,-,-,-
"인천광역시","2013",38,475848,2,22529,0,0,0,0,1,21706,0,0,0,0,1,266,34,431347,-,-,-,-,-,-,-,-
"인천광역시","2014",39,443698,2,22529,0,0,0,0,1,21706,0,0,0,0,1,266,35,399197,-,-,-,-,-,-,-,-
"인천광역시","2015",41,447211,1,21706,0,0,1,8225,0,0,0,0,0,0,1,266,38,417014,-,-,-,-,-,-,-,-
"인천광역시","2016",58,489033,1,21706,0,0,1,8225,0,0,0,0,0,0,1,266,38,418350,0,0,0,0,17,40486,0,0
"인천광역시","2017",58,493294,1,21706,0,0,1,8225,0,0,0,0,0,0,1,266,38,422611,0,0,0,0,17,40486,0,0
"인천광역시","2018",55,454010,1,21706,-,-,1,8225,-,-,-,-,-,-,1,266,36,384877,-,-,-,-,16,38936,-,-
"인천광역시","2019",56,482207,1,21706,-,-,1,8225,-,-,-,-,-,-,1,266,38,413579,-,-,-,-,15,38431,-,-
"인천광역시","2020",59,490473,1,21706,-,-,2,15221,-,-,-,-,-,-,1,266,40,414849,-,-,-,-,15,38431,-,-
"인천광역시","2021",60,493753,1,21706,-,-,2,15221,-,-,-,-,-,-,1,266,41,418129,-,-,-,-,15,38431,-,-
"인천광역시","2022",60,487127,1,21706,-,-,4,23339,-,-,-,-,-,-,1,266,39,403385,-,-,-,-,15,38431,-,-
"인천광역시","2023",59,464818,1,21706,-,-,4,23339,-,-,-,-,-,-,1,266,38,381076,-,-,-,-,15,38431,-,-
"광주광역시","2005",6,215771,2,13733,1,79339,0,0,0,0,0,0,0,0,0,0,3,122699,-,-,-,-,-,-,-,-
"광주광역시","2006",6,215771,2,13733,1,79339,0,0,0,0,0,0,0,0,0,0,3,122699,-,-,-,-,-,-,-,-
"광주광역시","2007",6,215771,2,13733,1,79339,0,0,0,0,0,0,0,0,0,0,3,122699,-,-,-,-,-,-,-,-
"광주광역시","2008",9,278996,0,0,1,79245,0,0,0,0,0,0,0,0,0,0,8,199751,-,-,-,-,-,-,-,-
"광주광역시","2009",12,334703,0,0,1,79245,0,0,0,0,0,0,0,0,0,0,11,255458,-,-,-,-,-,-,-,-
"광주광역시","2010",13,414037,0,0,1,79245,0,0,0,0,0,0,0,0,0,0,12,334792,-,-,-,-,-,-,-,-
"광주광역시","2011",13,414037,0,0,1,79245,0,0,0,0,0,0,0,0,0,0,12,334792,-,-,-,-,-,-,-,-
"광주광역시","2012",16,464925,0,0,1,79245,0,0,0,0,0,0,0,0,0,0,15,385680,-,-,-,-,-,-,-,-
"광주광역시","2013",17,466280,0,0,1,79245,0,0,0,0,0,0,0,0,0,0,16,387035,-,-,-,-,-,-,-,-
"광주광역시","2014",17,466280,0,0,1,79245,0,0,0,0,0,0,0,0,0,0,16,387035,-,-,-,-,-,-,-,-
"광주광역시","2015",17,466280,0,0,0,0,0,0,1,79245,0,0,0,0,0,0,16,387035,-,-,-,-,-,-,-,-
"광주광역시","2016",19,474614,0,0,0,0,0,0,1,79245,0,0,0,0,0,0,16,387035,0,0,0,0,2,8334,0,0
"광주광역시","2017",20,476315,0,0,0,0,0,0,1,79245,0,0,0,0,0,0,16,387035,0,0,0,0,3,10035,0,0
"광주광역시","2018",20,476315,-,-,-,-,-,-,1,79245,-,-,-,-,-,-,16,387035,-,-,-,-,3,10035,-,-
"광주광역시","2019",21,495261,-,-,-,-,-,-,1,79245,-,-,-,-,-,-,17,405981,-,-,-,-,3,10035,-,-
"광주광역시","2020",22,505211,-,-,-,-,-,-,1,79245,-,-,-,-,-,-,17,405981,-,-,-,-,4,19985,-,-
"광주광역시","2021",22,505211,-,-,-,-,-,-,1,79245,-,-,-,-,-,-,17,405981,-,-,-,-,4,19985,-,-
"광주광역시","2022",24,573690,-,-,-,-,-,-,1,79245,-,-,-,-,-,-,19,474460,-,-,-,-,4,19985,-,-
"광주광역시","2023",25,574421,-,-,-,-,-,-,1,79245,-,-,-,-,-,-,20,475191,-,-,-,-,4,19985,-,-
"대전광역시","2005",4,31855,0,0,1,7881,2,21879,0,0,0,0,0,0,0,0,1,2095,-,-,-,-,-,-,-,-
"대전광역시","2006",4,31855,0,0,1,7881,2,21879,0,0,0,0,0,0,0,0,1,2095,-,-,-,-,-,-,-,-
"대전광역시","2007",6,59362,0,0,1,7881,2,21879,0,0,0,0,0,0,0,0,3,29602,-,-,-,-,-,-,-,-
"대전광역시","2008",8,79251,0,0,1,7881,2,21879,0,0,0,0,0,0,0,0,5,49491,-,-,-,-,-,-,-,-
"대전광역시","2009",15,102364,0,0,1,7881,2,21879,0,0,0,0,0,0,0,0,12,72604,-,-,-,-,-,-,-,-
"대전광역시","2010",15,102364,0,0,1,7881,2,21879,0,0,0,0,0,0,0,0,12,72604,-,-,-,-,-,-,-,-
"대전광역시","2011",14,94483,0,0,0,0,2,21879,0,0,0,0,0,0,0,0,12,72604,-,-,-,-,-,-,-,-
"대전광역시","2012",13,87653,0,0,0,0,2,21879,0,0,0,0,0,0,0,0,11,65774,-,-,-,-,-,-,-,-
"대전광역시","2013",13,87653,0,0,0,0,2,21879,0,0,0,0,0,0,0,0,11,65774,-,-,-,-,-,-,-,-
"대전광역시","2014",13,87653,0,0,0,0,2,21879,0,0,0,0,0,0,0,0,11,65774,-,-,-,-,-,-,-,-
"대전광역시","2015",11,84641,0,0,0,0,0,0,0,0,2,21879,0,0,0,0,9,62762,-,-,-,-,-,-,-,-
"대전광역시","2016",15,96588,0,0,0,0,0,0,0,0,2,21879,0,0,0,0,9,62762,0,0,0,0,4,11947,0,0
"대전광역시","2017",16,97140,0,0,0,0,0,0,0,0,2,21879,0,0,0,0,10,63314,0,0,0,0,4,11947,0,0
"대전광역시","2018",15,94183,-,-,-,-,-,-,-,-,2,21879,-,-,-,-,9,60357,-,-,-,-,4,11947,-,-
"대전광역시","2019",16,95013,-,-,-,-,-,-,-,-,2,21879,-,-,1,830,9,60357,-,-,-,-,4,11947,-,-
"대전광역시","2020",16,95013,-,-,-,-,-,-,-,-,2,21879,-,-,1,830,9,60357,-,-,-,-,4,11947,-,-
"대전광역시","2021",16,91874,-,-,-,-,-,-,-,-,2,21879,-,-,1,830,9,57218,-,-,-,-,4,11947,-,-
"대전광역시","2022",16,87531,-,-,-,-,-,-,-,-,2,21879,-,-,1,830,8,51818,-,-,-,-,5,13004,-,-
"대전광역시","2023",17,92667,-,-,-,-,1,5136,-,-,2,21879,-,-,1,830,8,51818,-,-,-,-,5,13004,-,-
"울산광역시","2005",5,97596,1,34799,0,0,0,0,0,0,0,0,0,0,1,10464,3,52333,-,-,-,-,-,-,-,-
"울산광역시","2006",5,97596,1,34799,0,0,0,0,0,0,0,0,0,0,1,10464,3,52333,-,-,-,-,-,-,-,-
"울산광역시","2007",6,100996,1,34799,0,0,0,0,0,0,0,0,0,0,1,10464,4,55733,-,-,-,-,-,-,-,-
"울산광역시","2008",10,120396,0,0,0,0,0,0,0,0,0,0,0,0,0,0,10,120396,-,-,-,-,-,-,-,-
"울산광역시","2009",16,154721,0,0,3,23079,0,0,0,0,0,0,0,0,0,0,13,131642,-,-,-,-,-,-,-,-
"울산광역시","2010",12,90701,0,0,0,0,0,0,0,0,0,0,0,0,0,0,12,90701,-,-,-,-,-,-,-,-
"울산광역시","2011",17,159423,0,0,2,17049,0,0,0,0,0,0,0,0,0,0,15,142374,-,-,-,-,-,-,-,-
"울산광역시","2012",19,175323,0,0,3,23079,0,0,0,0,0,0,0,0,0,0,16,152244,-,-,-,-,-,-,-,-
"울산광역시","2013",19,175323,0,0,3,23079,0,0,0,0,0,0,0,0,0,0,16,152244,-,-,-,-,-,-,-,-
"울산광역시","2014",20,178220,0,0,3,23079,0,0,0,0,0,0,0,0,0,0,17,155141,-,-,-,-,-,-,-,-
"울산광역시","2015",21,181457,0,0,0,0,0,0,3,23079,0,0,0,0,0,0,18,158378,-,-,-,-,-,-,-,-
"울산광역시","2016",19,158323,0,0,0,0,0,0,0,0,0,0,0,0,0,0,17,122388,0,0,0,0,2,35935,0,0
"울산광역시","2017",18,155470,0,0,0,0,0,0,0,0,0,0,0,0,0,0,16,119535,0,0,0,0,2,35935,0,0
"울산광역시","2018",22,166763,-,-,-,-,-,-,-,-,-,-,-,-,-,-,20,130823,-,-,-,-,2,35940,-,-
"울산광역시","2019",24,176943,-,-,-,-,-,-,-,-,-,-,-,-,-,-,22,141003,-,-,-,-,2,35940,-,-
"울산광역시","2020",24,176943,-,-,-,-,-,-,-,-,-,-,-,-,-,-,22,141003,-,-,-,-,2,35940,-,-
"울산광역시","2021",24,176943,-,-,-,-,-,-,-,-,-,-,-,-,-,-,22,141003,-,-,-,-,2,35940,-,-
"울산광역시","2022",24,176943,-,-,-,-,-,-,-,-,-,-,-,-,-,-,22,141003,-,-,-,-,2,35940,-,-
"울산광역시","2023",23,172869,-,-,-,-,-,-,-,-,-,-,-,-,-,-,21,136929,-,-,-,-,2,35940,-,-
"세종특별자치시","2012",12,733560,0,0,1,461801,0,0,0,0,0,0,0,0,0,0,11,271759,-,-,-,-,-,-,-,-
"세종특별자치시","2013",12,733560,0,0,1,461801,0,0,0,0,0,0,0,0,0,0,11,271759,-,-,-,-,-,-,-,-
"세종특별자치시","2014",13,786310,0,0,1,461801,0,0,0,0,0,0,0,0,0,0,12,324509,-,-,-,-,-,-,-,-
"세종특별자치시","2015",13,785228,0,0,0,0,0,0,1,461801,0,0,0,0,0,0,12,323427,-,-,-,-,-,-,-,-
"세종특별자치시","2016",15,817652,0,0,0,0,0,0,1,461801,0,0,0,0,0,0,12,323427,0,0,0,0,2,32424,0,0
"세종특별자치시","2017",15,817652,0,0,0,0,0,0,1,461801,0,0,0,0,0,0,12,323427,0,0,0,0,2,32424,0,0
"세종특별자치시","2018",15,824520,-,-,-,-,-,-,1,461801,-,-,-,-,-,-,13,332935,-,-,-,-,1,29784,-,-
"세종특별자치시","2019",15,824520,-,-,-,-,-,-,1,461801,-,-,-,-,-,-,13,332935,-,-,-,-,1,29784,-,-
"세종특별자치시","2020",28,1057725,-,-,-,-,1,35780,4,689795,-,-,-,-,3,3025,16,274051,-,-,-,-,4,55074,-,-
"세종특별자치시","2021",28,1057725,-,-,-,-,1,35780,4,689795,-,-,-,-,3,3025,16,274051,-,-,-,-,4,55074,-,-
"세종특별자치시","2022",28,1057725,-,-,-,-,1,35780,4,689795,-,-,-,-,3,3025,16,274051,-,-,-,-,4,55074,-,-
"세종특별자치시","2023",28,1057725,-,-,-,-,1,35780,4,689795,-,-,-,-,3,3025,16,274051,-,-,-,-,4,55074,-,-
"경기도","2005",39,1554626,4,87899,2,110013,1,59300,1,238909,1,63820,4,35604,1,3029,25,956052,-,-,-,-,-,-,-,-
"경기도","2006",61,1738369,4,87899,3,113686,1,59300,1,238909,1,63820,4,35604,1,3029,46,1136122,-,-,-,-,-,-,-,-
"경기도","2007",69,1882917,5,99749,4,119481,1,59300,1,238909,1,63820,3,33125,1,3029,53,1265504,-,-,-,-,-,-,-,-
"경기도","2008",89,2930360,5,94249,5,165938,2,60819,1,232534,1,63820,0,0,1,1500,74,2311500,-,-,-,-,-,-,-,-
"경기도","2009",100,3223112,6,105911,5,165938,2,60821,2,234421,1,63820,0,0,1,4500,83,2587701,-,-,-,-,-,-,-,-
"경기도","2010",107,3570552,6,105911,5,156299,2,60821,1,232534,1,63820,0,0,1,4500,91,2946667,-,-,-,-,-,-,-,-
"경기도","2011",116,3139980,6,101763,5,156299,2,60821,1,243970,1,63820,0,0,0,0,101,2513307,-,-,-,-,-,-,-,-
"경기도","2012",112,3017841,5,69784,5,158169,2,60821,1,243970,0,0,0,0,0,0,99,2485097,-,-,-,-,-,-,-,-
"경기도","2013",113,3510459,4,50185,5,158169,2,60821,2,542727,0,0,0,0,0,0,100,2698557,-,-,-,-,-,-,-,-
"경기도","2014",119,3598501,5,70594,5,158171,2,60821,2,531291,0,0,0,0,0,0,105,2777624,-,-,-,-,-,-,-,-
"경기도","2015",127,3775093,2,531291,0,0,5,69891,5,158169,2,60821,0,0,0,0,113,2954921,-,-,-,-,-,-,-,-
"경기도","2016",209,4136855,2,531291,0,0,5,69891,5,158169,2,60821,0,0,0,0,120,2982563,0,0,0,0,75,334120,0,0
"경기도","2017",218,4189192,2,542727,0,0,5,69891,5,158169,2,60821,0,0,0,0,126,3001509,0,0,0,0,78,356075,0,0
"경기도","2018",228,4218712,2,542727,-,-,5,69891,5,158169,2,60821,-,-,-,-,134,3024738,-,-,-,-,80,362366,-,-
"경기도","2019",226,4202334,2,542727,-,-,5,69891,5,158169,2,60821,-,-,-,-,133,3017880,-,-,-,-,79,352846,-,-
"경기도","2020",228,4153997,2,542727,-,-,5,69891,7,173805,2,60821,1,4822,-,-,131,2944373,-,-,-,-,80,357558,-,-
"경기도","2021",243,4353153,2,542727,-,-,5,53672,7,175818,2,60730,6,33942,1,679,138,3096934,1,21193,-,-,81,367458,-,-
"경기도","2022",252,4515958,2,542727,-,-,5,53672,8,257886,2,60730,1,4822,1,679,150,3200166,1,21193,-,-,82,374083,-,-
"경기도","2023",264,4620663,2,542727,-,-,6,82514,8,257886,2,60730,1,4822,1,679,159,3271942,1,21193,-,-,84,378170,-,-
"강원특별자치도","2005",30,424940,1,16431,7,207078,1,18306,0,0,0,0,0,0,3,6668,18,176457,-,-,-,-,-,-,-,-
"강원특별자치도","2006",30,442814,1,16431,7,207735,1,18306,0,0,0,0,0,0,3,6668,18,193674,-,-,-,-,-,-,-,-
"강원특별자치도","2007",25,566131,1,16431,7,313531,1,18306,0,0,0,0,0,0,3,6668,13,211195,-,-,-,-,-,-,-,-
"강원특별자치도","2008",26,788025,1,16431,5,102634,1,18306,0,0,0,0,0,0,2,5568,17,645086,-,-,-,-,-,-,-,-
"강원특별자치도","2009",30,832392,2,23498,5,102634,2,33404,0,0,0,0,0,0,2,5568,19,667288,-,-,-,-,-,-,-,-
"강원특별자치도","2010",33,1221679,2,23565,2,31156,1,15098,0,0,0,0,0,0,1,3251,27,1148609,-,-,-,-,-,-,-,-
"강원특별자치도","2011",36,1389533,2,23565,2,31156,1,15098,0,0,0,0,0,0,1,3251,30,1316463,-,-,-,-,-,-,-,-
"강원특별자치도","2012",37,1633520,2,23565,2,31156,1,15098,0,0,0,0,0,0,1,3251,31,1560450,-,-,-,-,-,-,-,-
"강원특별자치도","2013",39,1642740,2,23565,2,31156,1,15753,0,0,0,0,0,0,1,3251,33,1569015,-,-,-,-,-,-,-,-
"강원특별자치도","2014",47,1722962,2,23565,2,31156,1,15098,0,0,0,0,0,0,1,3251,41,1649892,-,-,-,-,-,-,-,-
"강원특별자치도","2015",45,1541716,0,0,0,0,2,23565,3,185584,1,15098,0,0,1,3251,38,1314218,-,-,-,-,-,-,-,-
"강원특별자치도","2016",54,1874584,0,0,0,0,2,23565,3,185584,1,15098,0,0,1,3251,41,1605360,0,0,0,0,6,41726,0,0
"강원특별자치도","2017",59,1977165,0,0,0,0,2,23565,3,184427,1,13885,0,0,1,3251,46,1711184,0,0,0,0,6,40853,0,0
"강원특별자치도","2018",63,2120239,-,-,-,-,2,23565,5,228795,1,13885,-,-,1,3251,48,1809886,-,-,-,-,6,40857,-,-
"강원특별자치도","2019",64,2252470,-,-,-,-,3,40782,5,228795,1,13885,-,-,1,3251,48,1924901,-,-,-,-,6,40856,-,-
"강원특별자치도","2020",63,2266757,-,-,-,-,4,41018,9,507714,1,13885,3,103857,1,3251,39,1577108,-,-,-,-,6,19924,-,-
"강원특별자치도","2021",64,2282094,-,-,-,-,4,41018,9,504461,1,13885,3,103857,1,3251,40,1595698,-,-,-,-,6,19924,-,-
"강원특별자치도","2022",62,2012068,-,-,-,-,4,40951,10,548289,1,13707,3,103474,1,3251,37,1282472,-,-,-,-,6,19924,-,-
"강원특별자치도","2023",62,2012031,-,-,-,-,4,40951,10,548289,1,13707,3,103437,1,3251,37,1282472,-,-,-,-,6,19924,-,-
"충청북도","2005",2,9780,0,0,1,6980,0,0,0,0,0,0,0,0,0,0,1,2800,-,-,-,-,-,-,-,-
"충청북도","2006",3,81301,0,0,2,78501,0,0,0,0,0,0,0,0,0,0,1,2800,-,-,-,-,-,-,-,-
"충청북도","2007",5,238171,0,0,2,78501,0,0,0,0,0,0,0,0,0,0,3,159670,-,-,-,-,-,-,-,-
"충청북도","2008",8,242331,0,0,2,23383,0,0,0,0,0,0,0,0,0,0,6,218948,-,-,-,-,-,-,-,-
"충청북도","2009",11,254585,0,0,2,23383,1,813,0,0,0,0,0,0,1,9764,7,220625,-,-,-,-,-,-,-,-
"충청북도","2010",16,321529,0,0,3,53333,1,813,0,0,0,0,0,0,1,9764,11,257619,-,-,-,-,-,-,-,-
"충청북도","2011",16,321529,0,0,3,53333,1,813,0,0,0,0,0,0,1,9764,11,257619,-,-,-,-,-,-,-,-
"충청북도","2012",22,372075,0,0,3,54779,1,812,0,0,0,0,0,0,2,10494,16,305990,-,-,-,-,-,-,-,-
"충청북도","2013",25,424786,0,0,3,54779,1,812,0,0,0,0,0,0,2,10494,19,358701,-,-,-,-,-,-,-,-
"충청북도","2014",24,411132,0,0,4,61759,1,812,0,0,0,0,0,0,2,10494,17,338067,-,-,-,-,-,-,-,-
"충청북도","2015",19,428178,0,0,0,0,0,0,4,61759,1,812,0,0,2,10494,12,355113,-,-,-,-,-,-,-,-
"충청북도","2016",29,566008,0,0,0,0,0,0,4,61759,1,812,0,0,2,10494,16,463606,0,0,0,0,6,29337,0,0
"충청북도","2017",31,581145,0,0,0,0,1,16670,4,61759,1,812,0,0,2,10494,17,450782,0,0,0,0,6,40628,0,0
"충청북도","2018",32,584505,-,-,-,-,1,16670,4,61759,1,812,-,-,2,10494,18,454142,-,-,-,-,6,40628,-,-
"충청북도","2019",36,709669,-,-,-,-,-,-,4,129518,1,812,-,-,2,10494,21,520728,-,-,-,-,8,48117,-,-
"충청북도","2020",40,789673,1,12841,-,-,-,-,4,129518,1,812,-,-,2,10494,21,533371,2,4047,-,-,9,98590,-,-
"충청북도","2021",42,830659,1,12841,-,-,-,-,4,129518,1,812,-,-,2,10494,23,574357,2,4047,-,-,9,98590,-,-
"충청북도","2022",44,840888,1,12841,-,-,-,-,4,129518,1,812,-,-,2,10494,25,589071,2,4047,-,-,9,94105,-,-
"충청북도","2023",44,840883,1,12841,-,-,-,-,4,129518,1,812,-,-,2,10494,25,589066,2,4047,-,-,9,94105,-,-
"충청남도","2005",16,395107,3,75925,3,97036,0,0,0,0,0,0,0,0,0,0,10,222146,-,-,-,-,-,-,-,-
"충청남도","2006",17,412756,2,59943,3,97036,0,0,0,0,0,0,0,0,0,0,12,255777,-,-,-,-,-,-,-,-
"충청남도","2007",18,818981,2,59943,3,97036,0,0,0,0,0,0,0,0,0,0,13,662002,-,-,-,-,-,-,-,-
"충청남도","2008",21,1078174,0,0,3,97036,0,0,0,0,0,0,0,0,0,0,18,981138,-,-,-,-,-,-,-,-
"충청남도","2009",27,1271445,0,0,3,95891,0,0,0,0,0,0,0,0,0,0,24,1175554,-,-,-,-,-,-,-,-
"충청남도","2010",30,1720895,0,0,3,95892,0,0,0,0,0,0,0,0,0,0,27,1625003,-,-,-,-,-,-,-,-
"충청남도","2011",31,1816259,0,0,3,95892,0,0,0,0,0,0,0,0,0,0,28,1720367,-,-,-,-,-,-,-,-
"충청남도","2012",31,1671191,0,0,3,95892,0,0,0,0,0,0,0,0,0,0,28,1575299,-,-,-,-,-,-,-,-
"충청남도","2013",32,1722576,0,0,4,143586,0,0,0,0,0,0,0,0,0,0,28,1578990,-,-,-,-,-,-,-,-
"충청남도","2014",31,1714283,0,0,4,143586,0,0,0,0,0,0,0,0,0,0,27,1570697,-,-,-,-,-,-,-,-
"충청남도","2015",32,1943538,0,0,0,0,0,0,4,143586,0,0,0,0,0,0,28,1799952,-,-,-,-,-,-,-,-
"충청남도","2016",45,1993939,0,0,0,0,0,0,4,143586,0,0,0,0,0,0,30,1804323,0,0,0,0,11,46030,0,0
"충청남도","2017",45,1660908,0,0,0,0,0,0,4,143586,0,0,0,0,0,0,31,1483733,0,0,0,0,10,33589,0,0
"충청남도","2018",46,1667120,-,-,-,-,-,-,4,143586,-,-,-,-,-,-,31,1483733,-,-,-,-,11,39801,-,-
"충청남도","2019",47,1659197,-,-,-,-,-,-,4,130159,-,-,-,-,-,-,32,1489237,-,-,-,-,11,39801,-,-
"충청남도","2020",47,1682045,-,-,-,-,-,-,5,401748,-,-,-,-,1,91709,28,1135555,-,-,-,-,13,53033,-,-
"충청남도","2021",50,1696387,-,-,-,-,-,-,6,408708,-,-,-,-,1,87594,29,1141061,-,-,-,-,14,59024,-,-
"충청남도","2022",56,1837764,-,-,-,-,1,22367,6,401955,-,-,-,-,1,87594,32,1132871,1,118742,-,-,15,74235,-,-
"충청남도","2023",56,1867553,-,-,-,-,1,22367,6,401955,-,-,-,-,1,87594,33,1165530,1,118742,-,-,14,71365,-,-
"전라북도","2005",5,111705,1,9382,2,75276,0,0,0,0,0,0,0,0,0,0,2,27047,-,-,-,-,-,-,-,-
"전라북도","2006",12,214042,3,105182,2,75276,5,6537,0,0,0,0,0,0,0,0,2,27047,-,-,-,-,-,-,-,-
"전라북도","2007",14,286358,2,19369,2,96291,4,5185,0,0,0,0,0,0,0,0,6,165513,-,-,-,-,-,-,-,-
"전라북도","2008",22,490392,2,19369,3,165743,5,15211,0,0,0,0,0,0,0,0,12,290069,-,-,-,-,-,-,-,-
"전라북도","2009",31,546619,2,19369,3,165743,5,15211,0,0,0,0,0,0,0,0,21,346296,-,-,-,-,-,-,-,-
"전라북도","2010",30,558867,2,19534,3,165743,5,15151,0,0,0,0,0,0,0,0,20,358439,-,-,-,-,-,-,-,-
"전라북도","2011",31,612630,2,19534,3,165743,5,15151,0,0,0,0,0,0,0,0,21,412202,-,-,-,-,-,-,-,-
"전라북도","2012",33,688191,2,19534,3,165743,5,15151,0,0,0,0,0,0,0,0,23,487763,-,-,-,-,-,-,-,-
"전라북도","2013",34,745187,2,19534,3,165743,5,15151,0,0,0,0,0,0,0,0,24,544759,-,-,-,-,-,-,-,-
"전라북도","2014",37,770192,2,19534,3,165743,5,15151,0,0,0,0,0,0,0,0,27,569764,-,-,-,-,-,-,-,-
"전라북도","2015",37,776873,0,0,0,0,2,19534,3,165743,5,15151,0,0,0,0,27,576445,-,-,-,-,-,-,-,-
"전라북도","2016",41,789773,0,0,0,0,2,19534,3,165743,5,15151,0,0,0,0,29,581692,0,0,0,0,2,7653,0,0
"전라북도","2017",43,805164,0,0,0,0,2,19534,3,165743,5,15151,0,0,0,0,31,597083,0,0,0,0,2,7653,0,0
"전라북도","2018",45,824591,-,-,-,-,2,19534,3,165128,5,15151,-,-,-,-,31,611228,-,-,-,-,4,13550,-,-
"전라북도","2019",46,956543,-,-,-,-,2,19534,3,165128,5,15151,-,-,-,-,32,743180,-,-,-,-,4,13550,-,-
"전라북도","2020",50,3216764,-,-,-,-,2,17941,3,166712,5,13813,-,-,-,-,35,2999733,-,-,-,-,5,18565,-,-
"전라북도","2021",53,3272083,-,-,-,-,2,17941,3,166712,5,13813,-,-,-,-,38,3055054,-,-,-,-,5,18563,-,-
"전라북도","2022",61,3344837,-,-,-,-,2,17950,3,165162,5,14943,-,-,-,-,45,3123294,-,-,-,-,6,23488,-,-
"전라북도","2023",62,3349660,-,-,-,-,2,17950,3,165162,5,14943,-,-,-,-,46,3128117,-,-,-,-,6,23488,-,-
"전라남도","2005",26,477933,2,4041,2,67249,1,13590,0,0,0,0,0,0,1,331,20,392722,-,-,-,-,-,-,-,-
"전라남도","2006",26,477933,2,4041,2,67249,1,13590,0,0,0,0,0,0,1,331,20,392722,-,-,-,-,-,-,-,-
"전라남도","2007",27,493051,2,4041,2,67249,1,13590,0,0,0,0,0,0,1,331,21,407840,-,-,-,-,-,-,-,-
"전라남도","2008",23,468117,2,4041,1,35645,0,0,0,0,0,0,1,98000,1,331,18,330100,-,-,-,-,-,-,-,-
"전라남도","2009",27,664733,0,0,1,35645,0,0,0,0,0,0,0,0,0,0,26,629088,-,-,-,-,-,-,-,-
"전라남도","2010",33,940248,1,13583,0,0,0,0,0,0,0,0,0,0,0,0,32,926665,-,-,-,-,-,-,-,-
"전라남도","2011",35,1080322,1,13583,0,0,0,0,0,0,0,0,0,0,0,0,34,1066739,-,-,-,-,-,-,-,-
"전라남도","2012",51,1210204,1,13583,0,0,0,0,0,0,0,0,0,0,0,0,50,1196621,-,-,-,-,-,-,-,-
"전라남도","2013",52,1229145,1,13583,0,0,0,0,0,0,0,0,0,0,0,0,51,1215562,-,-,-,-,-,-,-,-
"전라남도","2014",54,1255376,1,13583,0,0,0,0,0,0,0,0,0,0,0,0,53,1241793,-,-,-,-,-,-,-,-
"전라남도","2015",55,1265180,0,0,0,0,1,13583,0,0,0,0,0,0,0,0,54,1251597,-,-,-,-,-,-,-,-
"전라남도","2016",69,1326743,0,0,0,0,0,0,0,0,0,0,0,0,0,0,58,1288975,0,0,0,0,11,37768,0,0
"전라남도","2017",77,1372770,0,0,0,0,0,0,0,0,0,0,0,0,0,0,64,1325605,0,0,0,0,13,47165,0,0
"전라남도","2018",87,1520212,-,-,-,-,-,-,-,-,1,28624,-,-,-,-,72,1440740,-,-,-,-,14,50848,-,-
"전라남도","2019",88,1564324,-,-,-,-,-,-,-,-,2,58269,-,-,-,-,72,1455207,-,-,-,-,14,50848,-,-
"전라남도","2020",90,1544241,-,-,-,-,-,-,-,-,2,58269,-,-,1,11064,73,1424060,-,-,-,-,14,50848,-,-
"전라남도","2021",90,1629062,1,29568,-,-,-,-,-,-,2,58269,-,-,1,11064,73,1480983,-,-,-,-,13,49178,-,-
"전라남도","2022",89,1613197,1,29568,-,-,-,-,-,-,2,58269,-,-,1,11064,73,1464763,-,-,-,-,12,49533,-,-
"전라남도","2023",91,1611412,1,29568,-,-,-,-,-,-,2,58269,-,-,1,11064,74,1457599,2,6268,-,-,11,48644,-,-
"경상북도","2005",18,509091,4,70351,2,45965,0,0,0,0,0,0,0,0,1,8239,11,384536,-,-,-,-,-,-,-,-
"경상북도","2006",20,541819,4,70351,4,78693,0,0,0,0,0,0,0,0,1,8239,11,384536,-,-,-,-,-,-,-,-
"경상북도","2007",23,580121,4,70351,4,78693,0,0,0,0,0,0,0,0,1,8239,14,422838,-,-,-,-,-,-,-,-
"경상북도","2008",25,595858,2,27341,8,119756,0,0,0,0,0,0,0,0,2,15139,13,433622,-,-,-,-,-,-,-,-
"경상북도","2009",31,836420,2,27612,9,305716,0,0,0,0,0,0,0,0,2,15139,18,487953,-,-,-,-,-,-,-,-
"경상북도","2010",39,1015158,2,27761,8,294551,0,0,0,0,0,0,0,0,2,15139,27,677707,-,-,-,-,-,-,-,-
"경상북도","2011",49,1583644,2,27761,11,492475,0,0,0,0,0,0,0,0,2,15139,34,1048269,-,-,-,-,-,-,-,-
"경상북도","2012",53,1695163,2,27761,13,559482,0,0,1,43135,0,0,0,0,1,6900,36,1057885,-,-,-,-,-,-,-,-
"경상북도","2013",58,2147254,2,27761,13,560814,0,0,1,43135,0,0,0,0,1,6900,41,1508644,-,-,-,-,-,-,-,-
"경상북도","2014",72,2751553,2,27761,13,560266,0,0,1,43135,0,0,0,0,1,6900,55,2113491,-,-,-,-,-,-,-,-
"경상북도","2015",76,2763920,1,43135,0,0,3,60163,14,589519,0,0,0,0,1,6900,57,2064203,-,-,-,-,-,-,-,-
"경상북도","2016",100,3094362,1,43135,0,0,3,60163,13,585799,0,0,0,0,2,10687,67,2263911,0,0,0,0,14,130667,0,0
"경상북도","2017",108,3401014,1,43135,0,0,3,60163,13,585799,0,0,0,0,2,10687,75,2570563,0,0,0,0,14,130667,0,0
"경상북도","2018",109,3416943,1,43135,-,-,3,60163,13,585332,-,-,-,-,2,10687,76,2586959,-,-,-,-,14,130667,-,-
"경상북도","2019",114,3580892,1,43135,-,-,3,60163,13,575739,-,-,-,-,2,10687,82,2765001,-,-,-,-,13,126167,-,-
"경상북도","2020",115,3534974,1,53988,-,-,2,48593,13,575739,-,-,-,-,2,10687,85,2725118,-,-,-,-,12,120849,-,-
"경상북도","2021",117,3705229,1,53988,-,-,2,48593,13,575739,-,-,1,230246,2,10687,82,2409174,2,62958,-,-,14,313844,-,-
"경상북도","2022",125,3810816,1,53988,-,-,2,48593,14,581695,-,-,1,230246,3,13414,85,2506098,2,51758,-,-,17,325024,-,-
"경상북도","2023",124,3783913,1,53988,-,-,2,48593,14,581695,-,-,1,230246,3,13414,84,2470708,3,61704,-,-,16,323565,-,-
"경상남도","2005",25,731458,4,89835,3,30858,1,22703,0,0,0,0,2,80392,2,10543,13,497127,-,-,-,-,-,-,-,-
"경상남도","2006",27,760642,4,89835,3,30858,1,22703,0,0,0,0,2,80392,2,10543,15,526311,-,-,-,-,-,-,-,-
"경상남도","2007",28,723875,3,25035,3,30858,1,22703,0,0,0,0,0,0,2,10543,19,634736,-,-,-,-,-,-,-,-
"경상남도","2008",36,746875,4,73634,3,30858,1,22703,0,0,0,0,0,0,1,8260,27,611420,-,-,-,-,-,-,-,-
"경상남도","2009",37,792825,2,51461,1,17196,1,22704,0,0,0,0,0,0,1,8260,32,693204,-,-,-,-,-,-,-,-
"경상남도","2010",42,881727,2,51461,1,17196,1,22704,0,0,0,0,0,0,1,8260,37,782106,-,-,-,-,-,-,-,-
"경상남도","2011",44,1025269,2,51461,1,17196,1,19267,0,0,0,0,0,0,1,8260,39,929085,-,-,-,-,-,-,-,-
"경상남도","2012",46,1039672,2,51461,1,17196,1,19044,0,0,0,0,0,0,1,8260,41,943711,-,-,-,-,-,-,-,-
"경상남도","2013",47,1057164,2,51461,1,17196,1,24862,0,0,0,0,0,0,1,8260,42,955385,-,-,-,-,-,-,-,-
"경상남도","2014",48,1096303,2,51461,1,17196,1,24862,0,0,0,0,0,0,1,8260,43,994524,-,-,-,-,-,-,-,-
"경상남도","2015",51,1124044,0,0,0,0,2,51461,1,17196,1,24862,0,0,1,2859,46,1027666,-,-,-,-,-,-,-,-
"경상남도","2016",67,1240806,0,0,0,0,2,51461,1,17196,1,24862,0,0,1,2859,48,1061849,0,0,0,0,14,82579,0,0
"경상남도","2017",69,1255434,0,0,0,0,2,51461,1,17196,1,24862,0,0,1,2859,51,1090651,0,0,0,0,13,68405,0,0
"경상남도","2018",75,1371647,-,-,-,-,2,51461,1,22620,1,24862,-,-,1,2859,57,1201440,-,-,-,-,13,68405,-,-
"경상남도","2019",76,1393066,-,-,-,-,2,51461,1,22620,1,24862,-,-,1,2859,55,1195052,-,-,-,-,16,96212,-,-
"경상남도","2020",84,1441101,-,-,-,-,3,54399,4,48868,1,24862,-,-,2,8120,57,1204942,-,-,-,-,17,99910,-,-
"경상남도","2021",87,1468014,-,-,-,-,3,54399,4,48868,1,24862,-,-,2,8120,59,1214315,-,-,-,-,18,117450,-,-
"경상남도","2022",88,1472516,-,-,-,-,3,54399,4,48868,1,24862,1,4502,2,8120,59,1214315,-,-,-,-,18,117450,-,-
"경상남도","2023",95,1550600,-,-,-,-,4,90580,5,49050,1,24862,1,4502,2,8120,61,1212564,-,-,-,-,21,160922,-,-
"제주특별자치도","2005",6,93607,0,0,1,13800,2,56757,0,0,0,0,0,0,0,0,3,23050,-,-,-,-,-,-,-,-
"제주특별자치도","2006",6,93607,0,0,1,13800,2,56757,0,0,0,0,0,0,0,0,3,23050,-,-,-,-,-,-,-,-
"제주특별자치도","2007",8,352745,0,0,1,13800,3,95501,0,0,0,0,0,0,0,0,4,243444,-,-,-,-,-,-,-,-
"제주특별자치도","2008",8,352745,0,0,1,13800,3,95501,0,0,0,0,0,0,0,0,4,243444,-,-,-,-,-,-,-,-
"제주특별자치도","2009",8,398000,0,0,1,58947,3,95609,0,0,0,0,0,0,0,0,4,243444,-,-,-,-,-,-,-,-
"제주특별자치도","2010",10,2080802,0,0,4,325441,2,66874,0,0,0,0,0,0,0,0,4,1688487,-,-,-,-,-,-,-,-
"제주특별자치도","2011",10,2080802,0,0,4,325441,2,66874,0,0,0,0,0,0,0,0,4,1688487,-,-,-,-,-,-,-,-
"제주특별자치도","2012",10,2080802,0,0,4,325441,2,66874,0,0,0,0,0,0,0,0,4,1688487,-,-,-,-,-,-,-,-
"제주특별자치도","2013",10,2080802,0,0,4,325441,2,66874,0,0,0,0,0,0,0,0,4,1688487,-,-,-,-,-,-,-,-
"제주특별자치도","2014",10,2080802,0,0,4,325441,2,66874,0,0,0,0,0,0,0,0,4,1688487,-,-,-,-,-,-,-,-
"제주특별자치도","2015",10,2080802,0,0,0,0,0,0,4,325441,2,66874,0,0,0,0,4,1688487,-,-,-,-,-,-,-,-
"제주특별자치도","2016",10,2080802,0,0,0,0,0,0,4,325441,2,66874,0,0,0,0,4,1688487,0,0,0,0,0,0,0,0
"제주특별자치도","2017",11,2140302,0,0,0,0,0,0,5,384941,2,66874,0,0,0,0,4,1688487,0,0,0,0,0,0,0,0
"제주특별자치도","2018",12,2199305,-,-,-,-,-,-,5,384944,2,66874,-,-,-,-,5,1747487,-,-,-,-,-,-,-,-
"제주특별자치도","2019",12,2199305,-,-,-,-,-,-,5,384944,2,66874,-,-,-,-,5,1747487,-,-,-,-,-,-,-,-
"제주특별자치도","2020",12,2199305,-,-,-,-,-,-,5,384944,2,66874,-,-,-,-,5,1747487,-,-,-,-,-,-,-,-
"제주특별자치도","2021",13,2239094,-,-,-,-,-,-,6,424733,2,66874,-,-,-,-,5,1747487,-,-,-,-,-,-,-,-
"제주특별자치도","2022",13,2239094,-,-,-,-,-,-,6,424733,2,66874,-,-,-,-,5,1747487,-,-,-,-,-,-,-,-
"제주특별자치도","2023",13,2239094,-,-,-,-,-,-,6,424733,2,66874,-,-,-,-,5,1747487,-,-,-,-,-,-,-,-
